race_geo,annual_inc,int_rate,dti,zip_code,White alone,Black or African American alone,American Indian and Alaska Native alone,Asian alone,Native Hawaiian and Other Pacific Islander alone,Some other race alone,Two or more races,equalized_odds,predicted_parity
1,1,1,1,1,26.75,22.63,22.39,60.23,17.66,53.69,5.15,75.15,81.03
1,1,1,1,2,81.89,78.5,73.23,33.88,50.57,57.5,25.48,51.26,25.5
1,1,1,1,3,9.29,3.71,40.05,9.06,36.5,68.95,69.55,30.05,34.5
1,1,1,1,4,80.61,87.86,0.01,70.54,41.05,19.63,93.14,56.91,34.77
1,1,1,2,1,10.59,78.46,33.94,47.39,63.42,74.48,66.35,85.87,65.16
1,1,1,2,2,61.05,34.64,26.57,44.69,67.58,29.95,82.51,11.92,67.91
1,1,1,2,3,56.72,10.71,52.7,6.07,25.41,52.11,35.05,35.85,16.38
1,1,1,2,4,88.3,97.29,22.2,52.39,76.26,91.43,3.7,72.16,63.24
1,1,1,3,1,11.12,94.08,23.7,34.1,91.34,47.24,14.75,40.89,87.26
1,1,1,3,2,28.54,9.09,94.84,74.58,92.8,52.63,50.09,7.79,68.65
1,1,1,3,3,95.36,17.15,72.64,14.6,8.86,18.5,85.36,92.5,86.4
1,1,1,3,4,84.47,34.45,15.17,5.02,26.77,0.64,55.92,37.61,77.5
1,1,1,4,1,90.06,15.12,70.57,89.8,40.51,54.66,58.97,42.83,45.19
1,1,1,4,2,93.11,82.06,50.36,97.41,57.38,45.04,57.2,76.4,68.48
1,1,1,4,3,66.38,64.72,71.44,4.93,55.85,54.01,20.7,88.05,0.72
1,1,1,4,4,66.76,90.72,77.47,75.09,47.98,0.55,72.52,19.82,19.76
1,1,2,1,1,3.84,20.46,89.29,59.59,35.86,79.39,37.89,1.09,81.25
1,1,2,1,2,57.33,6.82,16.26,7.01,6.34,34.95,51.29,19.83,42.55
1,1,2,1,3,74.48,65.9,98.57,46.91,3.24,15.88,76.05,90.06,17.97
1,1,2,1,4,29.31,90.01,14.87,49.15,43.01,66.6,92.06,94.61,4.36
1,1,2,2,1,13.45,50.6,11.91,43.0,10.25,10.65,79.24,73.47,23.28
1,1,2,2,2,8.1,45.72,54.63,6.51,72.72,23.85,84.11,94.45,96.69
1,1,2,2,3,64.47,20.96,99.52,92.68,86.74,91.26,93.46,42.22,95.01
1,1,2,2,4,74.57,28.9,41.82,57.4,95.8,6.53,43.41,25.03,59.53
1,1,2,3,1,88.09,12.54,20.45,11.35,64.71,39.65,95.75,41.61,22.46
1,1,2,3,2,11.23,98.61,30.02,47.22,76.88,39.78,66.19,84.98,92.38
1,1,2,3,3,47.35,99.38,15.47,29.69,55.69,49.09,0.83,37.66,43.57
1,1,2,3,4,14.98,2.01,51.84,45.9,2.52,74.48,31.61,71.78,59.72
1,1,2,4,1,44.09,15.61,91.72,28.89,67.29,1.71,1.96,74.24,0.03
1,1,2,4,2,39.98,75.19,68.66,53.1,0.13,57.29,35.79,53.17,84.73
1,1,2,4,3,26.94,57.45,30.54,58.89,37.97,83.29,91.34,41.79,90.7
1,1,2,4,4,12.28,62.51,49.92,56.65,15.16,50.84,44.19,84.38,6.26
1,1,3,1,1,77.84,58.73,7.8,64.12,95.46,59.46,51.94,10.39,67.17
1,1,3,1,2,85.05,90.48,31.25,68.35,66.38,41.62,99.05,97.87,96.33
1,1,3,1,3,50.5,12.97,52.11,22.39,8.02,6.09,9.1,71.16,76.9
1,1,3,1,4,86.23,5.43,92.95,91.01,45.5,95.87,19.69,71.73,27.37
1,1,3,2,1,80.38,85.68,43.69,11.21,46.05,33.89,59.78,32.88,35.48
1,1,3,2,2,75.93,81.48,35.04,49.98,56.83,49.2,15.18,47.31,3.57
1,1,3,2,3,1.87,49.97,38.41,94.49,59.54,96.34,42.14,59.05,73.52
1,1,3,2,4,48.33,69.14,19.55,13.92,59.31,93.7,3.24,31.13,63.33
1,1,3,3,1,63.59,99.32,95.83,75.36,94.59,73.03,76.99,71.48,10.68
1,1,3,3,2,0.83,94.46,72.76,89.05,59.43,84.54,2.59,32.69,49.93
1,1,3,3,3,37.71,17.73,59.36,85.75,83.06,98.62,21.27,78.07,99.83
1,1,3,3,4,60.0,58.93,6.88,59.62,21.72,66.8,41.82,56.61,94.71
1,1,3,4,1,44.42,98.29,20.34,39.8,84.28,25.51,55.33,38.66,99.28
1,1,3,4,2,56.78,73.41,78.79,67.98,98.09,29.76,72.07,67.45,66.17
1,1,3,4,3,7.78,86.1,32.19,42.46,67.23,45.41,3.16,26.91,0.18
1,1,3,4,4,8.63,1.07,94.63,93.47,35.29,59.3,92.82,71.03,22.31
1,1,4,1,1,25.97,18.22,75.86,38.47,68.68,62.55,92.15,99.32,44.57
1,1,4,1,2,26.6,96.84,60.89,40.98,33.46,41.54,68.86,5.28,0.85
1,1,4,1,3,74.87,51.35,18.17,45.78,54.18,8.43,56.22,90.78,6.66
1,1,4,1,4,59.38,5.43,69.5,65.19,90.71,15.24,29.14,29.81,66.61
1,1,4,2,1,7.85,16.74,61.81,78.54,28.64,38.26,23.85,10.21,56.87
1,1,4,2,2,68.61,31.21,7.67,93.22,16.98,58.98,25.13,52.41,50.85
1,1,4,2,3,21.22,35.81,4.86,89.61,89.2,51.9,42.94,25.3,88.55
1,1,4,2,4,11.14,22.06,73.33,50.38,30.44,22.77,54.24,32.25,72.85
1,1,4,3,1,94.31,43.98,94.95,42.76,83.97,22.56,38.89,98.28,22.71
1,1,4,3,2,89.47,41.9,34.89,49.19,52.43,37.78,24.34,4.39,13.53
1,1,4,3,3,23.89,13.56,83.4,65.87,68.08,86.75,6.95,7.11,5.52
1,1,4,3,4,66.02,87.78,32.47,40.5,23.15,10.26,46.13,33.54,0.86
1,1,4,4,1,99.57,60.39,54.52,62.3,87.24,19.71,63.52,51.91,32.47
1,1,4,4,2,59.46,25.03,23.04,46.0,61.08,40.72,19.12,96.67,99.97
1,1,4,4,3,39.46,30.62,12.27,37.39,44.26,42.78,70.67,91.44,84.74
1,1,4,4,4,62.06,0.44,48.08,33.55,22.49,64.26,24.99,59.92,53.48
1,2,1,1,1,30.41,42.65,99.71,23.89,27.88,9.41,55.64,40.63,71.9
1,2,1,1,2,33.96,19.94,21.45,63.63,3.43,40.95,64.61,2.92,92.78
1,2,1,1,3,16.85,78.13,68.26,78.28,68.8,14.46,41.54,49.56,68.33
1,2,1,1,4,51.17,34.65,93.9,78.15,13.27,74.16,2.85,50.68,17.76
1,2,1,2,1,40.13,99.81,40.56,26.53,17.86,56.93,36.81,38.17,79.07
1,2,1,2,2,67.68,37.09,68.7,30.78,71.23,3.85,39.23,75.12,12.31
1,2,1,2,3,19.41,91.75,4.44,65.28,55.67,89.06,9.52,0.17,27.97
1,2,1,2,4,75.51,78.91,24.73,37.45,8.54,39.36,71.35,22.98,90.69
1,2,1,3,1,84.94,9.58,56.47,79.14,45.96,4.58,22.87,75.42,55.67
1,2,1,3,2,4.42,20.47,3.34,33.0,73.65,54.25,65.07,21.15,5.8
1,2,1,3,3,55.6,24.15,53.25,55.35,34.65,72.51,22.82,10.2,65.96
1,2,1,3,4,29.12,59.87,20.29,28.53,92.1,64.63,34.1,18.37,46.52
1,2,1,4,1,32.11,4.99,92.31,73.95,16.33,62.66,44.45,41.77,26.47
1,2,1,4,2,17.04,6.05,86.14,99.92,1.98,38.73,85.22,52.24,54.21
1,2,1,4,3,39.7,58.93,46.98,69.73,51.85,74.21,89.89,91.95,71.33
1,2,1,4,4,43.81,66.51,61.46,92.51,32.6,96.77,1.21,89.99,6.48
1,2,2,1,1,91.7,19.37,6.06,59.52,26.69,58.48,45.16,57.76,15.65
1,2,2,1,2,50.64,93.54,29.42,29.18,90.53,76.16,50.36,14.91,21.34
1,2,2,1,3,28.87,61.23,58.23,11.94,95.36,32.04,37.18,22.88,18.28
1,2,2,1,4,80.94,77.18,88.4,25.25,57.4,80.79,32.7,81.03,63.41
1,2,2,2,1,34.05,24.53,21.83,99.26,20.39,4.29,43.36,60.9,72.61
1,2,2,2,2,79.77,93.0,93.12,89.25,39.69,69.51,77.2,67.38,2.49
1,2,2,2,3,60.77,30.68,93.44,83.38,91.42,32.98,25.89,54.92,0.66
1,2,2,2,4,87.44,97.31,7.51,65.34,18.05,93.79,94.21,81.7,25.36
1,2,2,3,1,81.02,41.99,67.35,62.0,56.38,40.21,53.06,85.76,83.35
1,2,2,3,2,35.04,71.85,14.34,38.85,17.3,67.46,76.76,59.09,58.87
1,2,2,3,3,84.52,73.71,99.6,70.25,1.33,42.04,92.37,95.6,17.07
1,2,2,3,4,6.84,62.04,23.79,96.79,38.23,47.69,64.67,20.83,17.68
1,2,2,4,1,8.84,86.69,32.68,63.34,90.89,80.02,63.79,0.2,27.82
1,2,2,4,2,72.62,14.7,2.41,50.94,88.19,30.4,20.85,13.35,67.11
1,2,2,4,3,8.55,57.53,20.93,25.52,16.38,67.17,9.88,95.8,25.61
1,2,2,4,4,36.96,3.31,46.84,93.64,72.41,16.88,5.43,17.67,93.65
1,2,3,1,1,1.28,77.0,10.35,47.66,67.8,74.02,97.42,49.13,49.16
1,2,3,1,2,8.53,99.39,22.37,20.86,1.42,4.73,41.28,50.2,71.89
1,2,3,1,3,11.55,53.19,49.75,4.14,35.64,33.05,14.2,83.31,75.13
1,2,3,1,4,15.48,3.17,12.67,43.4,40.33,65.39,83.38,15.85,30.06
1,2,3,2,1,11.6,75.66,52.53,91.77,98.32,52.91,82.15,33.18,68.03
1,2,3,2,2,19.72,13.89,71.94,99.78,65.16,4.81,87.05,78.5,49.54
1,2,3,2,3,68.71,20.14,11.12,22.86,73.7,40.85,29.38,46.67,5.74
1,2,3,2,4,13.14,0.7,45.91,75.95,0.42,65.05,68.79,55.01,25.68
1,2,3,3,1,4.67,11.0,16.99,38.33,74.58,71.28,40.96,23.08,69.55
1,2,3,3,2,9.57,53.43,92.98,61.97,79.1,64.85,38.1,51.27,47.63
1,2,3,3,3,20.93,37.61,5.06,4.87,62.38,10.56,2.75,20.27,13.07
1,2,3,3,4,59.91,31.72,88.23,11.1,43.75,75.29,27.81,67.21,97.74
1,2,3,4,1,98.83,95.77,32.86,33.17,9.23,38.09,93.09,30.34,51.12
1,2,3,4,2,10.68,90.0,79.51,71.12,39.19,32.83,25.05,14.64,74.26
1,2,3,4,3,42.37,49.05,50.4,93.66,1.73,17.65,94.31,17.57,91.3
1,2,3,4,4,73.44,84.74,68.22,83.36,50.69,82.7,41.51,88.95,87.87
1,2,4,1,1,10.39,95.69,42.57,38.05,50.52,74.94,88.57,97.97,65.63
1,2,4,1,2,96.0,29.12,36.41,42.69,35.54,64.67,99.17,49.04,4.66
1,2,4,1,3,93.21,53.05,84.28,13.21,22.28,2.75,91.35,39.66,67.17
1,2,4,1,4,53.11,50.26,88.01,21.02,83.9,95.66,69.66,40.21,83.5
1,2,4,2,1,59.4,29.28,74.84,28.21,99.5,97.75,42.69,57.73,64.03
1,2,4,2,2,94.3,71.16,87.61,37.88,47.65,67.73,83.32,78.96,88.36
1,2,4,2,3,78.77,97.49,75.67,50.53,60.06,42.14,44.16,25.43,48.04
1,2,4,2,4,43.11,9.88,45.48,30.16,30.16,55.85,84.73,73.17,20.0
1,2,4,3,1,40.76,20.84,76.62,28.31,40.04,54.81,50.17,23.98,2.67
1,2,4,3,2,90.04,18.71,23.28,45.89,40.8,97.81,90.3,69.62,63.53
1,2,4,3,3,74.43,10.5,92.51,79.37,13.27,55.96,24.27,29.96,46.53
1,2,4,3,4,96.31,96.67,70.0,18.13,24.64,86.78,60.02,33.15,36.13
1,2,4,4,1,74.79,59.19,90.24,28.73,77.62,96.79,54.51,75.08,11.38
1,2,4,4,2,82.0,64.35,4.83,21.58,54.52,69.56,19.3,2.07,8.23
1,2,4,4,3,59.1,73.82,50.99,88.09,19.71,21.84,61.46,51.68,61.74
1,2,4,4,4,92.56,56.33,27.12,32.69,68.24,37.74,55.99,66.15,17.26
1,3,1,1,1,29.59,51.91,19.08,40.72,2.45,24.03,86.85,21.79,89.41
1,3,1,1,2,96.2,67.94,32.26,95.9,61.85,86.1,57.27,76.0,90.69
1,3,1,1,3,46.65,66.72,84.41,8.88,77.98,26.91,49.75,21.39,42.06
1,3,1,1,4,21.73,44.05,12.3,16.65,5.11,99.02,62.13,52.55,44.42
1,3,1,2,1,76.65,25.08,63.82,78.68,36.8,79.3,73.89,29.1,48.99
1,3,1,2,2,99.18,86.37,35.93,2.57,54.34,70.74,52.97,47.38,8.77
1,3,1,2,3,50.74,79.77,79.34,44.52,46.35,79.51,0.04,15.08,40.17
1,3,1,2,4,70.74,69.37,70.06,90.4,54.35,25.78,75.23,55.29,7.97
1,3,1,3,1,60.81,0.03,30.67,94.12,45.29,62.51,65.27,49.06,11.49
1,3,1,3,2,40.28,91.55,29.22,56.7,29.06,35.0,7.58,51.77,11.98
1,3,1,3,3,13.84,29.55,41.52,5.13,6.78,50.14,82.52,17.6,72.36
1,3,1,3,4,95.55,10.16,16.7,64.63,19.07,7.21,23.54,76.83,1.33
1,3,1,4,1,14.86,55.55,96.0,65.6,67.7,49.38,69.7,69.57,2.35
1,3,1,4,2,40.06,41.91,62.17,25.99,70.42,14.99,82.71,32.27,84.66
1,3,1,4,3,12.52,54.88,29.14,61.2,94.21,45.44,50.77,3.23,22.68
1,3,1,4,4,37.51,18.89,32.03,80.24,57.84,58.88,35.39,90.59,58.28
1,3,2,1,1,23.45,25.05,43.6,52.78,79.88,80.6,1.6,89.59,43.72
1,3,2,1,2,24.63,35.97,5.64,92.69,48.59,83.97,55.27,54.13,0.56
1,3,2,1,3,91.29,32.36,10.95,13.76,59.28,64.08,35.13,6.98,19.01
1,3,2,1,4,36.69,16.58,96.69,6.46,34.77,34.6,63.75,27.71,33.76
1,3,2,2,1,27.62,81.09,20.1,4.97,76.85,31.04,37.91,96.54,3.06
1,3,2,2,2,52.01,95.72,94.62,90.97,40.35,30.38,16.76,37.52,73.52
1,3,2,2,3,82.66,21.9,35.83,71.65,3.99,26.47,58.43,54.71,40.15
1,3,2,2,4,53.38,65.05,37.96,36.55,2.16,19.06,72.36,23.23,42.37
1,3,2,3,1,57.84,81.84,62.21,30.18,89.2,56.84,87.4,8.65,12.05
1,3,2,3,2,59.94,20.12,34.11,89.49,91.11,79.05,32.11,10.96,82.6
1,3,2,3,3,34.19,70.49,83.79,89.16,2.31,18.81,70.39,98.37,86.35
1,3,2,3,4,58.83,49.52,33.12,51.53,31.47,24.78,60.75,46.7,93.25
1,3,2,4,1,90.12,78.57,94.69,92.94,75.95,96.38,68.61,87.12,61.81
1,3,2,4,2,63.89,97.66,35.76,94.83,11.03,36.48,31.7,50.89,81.42
1,3,2,4,3,99.78,19.67,27.73,82.74,13.71,46.0,84.62,70.04,57.02
1,3,2,4,4,91.92,2.04,57.24,26.07,39.3,85.94,80.26,52.64,18.25
1,3,3,1,1,34.81,40.9,48.98,63.76,37.62,98.8,68.31,65.49,2.5
1,3,3,1,2,48.09,85.74,32.12,33.58,60.85,75.7,73.89,94.92,47.69
1,3,3,1,3,14.96,71.28,63.3,78.67,43.84,86.22,9.95,20.82,49.87
1,3,3,1,4,39.1,51.87,18.51,0.37,68.73,5.53,41.01,74.21,19.51
1,3,3,2,1,47.05,67.07,80.87,89.74,4.0,91.72,14.01,67.61,71.66
1,3,3,2,2,15.16,9.02,45.14,58.66,49.63,50.61,42.46,85.29,49.42
1,3,3,2,3,17.65,74.83,88.89,57.72,83.56,68.66,50.36,68.21,1.51
1,3,3,2,4,6.21,58.24,23.17,59.76,39.82,58.67,90.04,48.84,10.49
1,3,3,3,1,58.47,40.02,95.73,51.49,28.98,50.15,37.09,98.76,13.39
1,3,3,3,2,51.27,0.09,60.16,79.51,63.59,49.16,73.16,37.52,61.63
1,3,3,3,3,81.76,88.68,26.86,61.28,7.12,21.31,58.01,57.65,94.4
1,3,3,3,4,48.12,66.06,99.13,94.74,53.32,30.79,61.58,94.14,61.81
1,3,3,4,1,62.97,70.96,62.25,14.08,39.04,72.69,33.48,29.64,75.06
1,3,3,4,2,70.86,40.0,8.72,77.7,13.54,13.17,23.34,98.45,63.12
1,3,3,4,3,46.99,94.54,86.21,67.32,74.3,32.99,11.56,61.52,56.41
1,3,3,4,4,29.22,65.42,92.27,58.39,8.67,21.35,91.49,21.41,88.16
1,3,4,1,1,31.81,78.53,40.46,97.99,13.76,27.31,5.82,18.45,52.3
1,3,4,1,2,56.07,50.72,30.31,74.97,18.5,72.33,86.34,72.52,75.24
1,3,4,1,3,13.89,62.43,88.68,99.36,22.72,57.87,16.36,46.1,32.13
1,3,4,1,4,53.95,56.74,52.42,40.91,68.81,52.47,32.86,40.21,39.22
1,3,4,2,1,57.75,94.54,73.12,12.94,23.4,39.46,36.0,14.0,14.51
1,3,4,2,2,23.69,54.89,7.32,56.52,96.81,64.9,66.73,13.43,5.7
1,3,4,2,3,92.14,73.54,48.07,10.11,29.89,5.03,53.65,47.64,23.26
1,3,4,2,4,84.12,91.07,91.06,30.71,76.1,34.34,87.91,0.7,85.01
1,3,4,3,1,28.58,74.89,46.88,43.7,25.33,27.5,40.97,48.2,15.89
1,3,4,3,2,98.89,95.32,65.67,28.22,62.71,35.13,57.52,50.88,50.44
1,3,4,3,3,24.74,79.36,34.58,62.6,83.85,20.51,17.65,38.51,91.91
1,3,4,3,4,18.1,23.36,68.21,58.36,67.76,66.94,10.02,81.11,28.18
1,3,4,4,1,15.85,35.69,66.16,28.8,53.66,8.29,41.26,62.03,29.08
1,3,4,4,2,12.23,82.14,3.93,99.95,92.55,89.04,69.28,49.06,89.73
1,3,4,4,3,35.17,37.78,37.46,3.09,4.2,65.03,83.22,91.59,22.28
1,3,4,4,4,70.1,72.69,23.45,28.34,22.66,22.24,12.32,78.62,24.9
1,4,1,1,1,61.22,45.98,64.32,23.86,4.07,58.72,93.73,14.98,1.18
1,4,1,1,2,91.66,96.26,50.16,75.52,42.81,62.72,58.37,13.96,65.81
1,4,1,1,3,69.88,57.19,67.75,51.29,92.39,54.77,21.51,11.29,84.2
1,4,1,1,4,59.41,85.07,76.79,61.63,72.4,72.6,10.52,12.37,64.8
1,4,1,2,1,31.21,75.56,46.42,51.49,50.53,77.6,98.9,35.9,41.33
1,4,1,2,2,95.23,12.88,88.5,81.31,45.63,41.47,43.46,84.36,82.79
1,4,1,2,3,96.84,85.37,5.2,10.22,46.13,31.21,48.95,62.88,1.59
1,4,1,2,4,83.39,32.39,11.7,39.99,41.15,5.32,66.1,37.84,87.79
1,4,1,3,1,89.83,18.53,69.91,86.16,49.46,43.4,41.36,12.37,21.25
1,4,1,3,2,42.27,10.97,93.69,6.01,54.47,5.61,80.28,33.46,83.01
1,4,1,3,3,16.74,48.98,92.71,42.16,3.89,40.07,61.51,11.26,79.89
1,4,1,3,4,31.15,96.57,75.07,52.1,81.57,51.12,30.74,10.78,6.21
1,4,1,4,1,99.96,65.7,83.1,21.51,80.65,62.58,90.44,87.02,67.85
1,4,1,4,2,1.56,8.06,40.87,52.1,0.51,75.7,95.9,11.88,94.01
1,4,1,4,3,44.3,10.98,44.78,67.91,57.62,20.66,53.28,74.46,71.75
1,4,1,4,4,92.18,9.41,93.32,59.62,31.14,70.5,60.47,89.83,34.99
1,4,2,1,1,79.07,37.51,81.18,57.4,73.16,37.48,1.77,70.08,24.39
1,4,2,1,2,61.91,53.0,9.41,90.81,81.6,40.53,35.88,89.29,7.28
1,4,2,1,3,67.04,97.32,42.37,62.23,90.24,99.01,36.57,4.28,34.88
1,4,2,1,4,13.16,21.86,7.71,3.57,96.88,22.2,57.85,42.55,66.25
1,4,2,2,1,49.63,83.47,45.49,15.66,16.19,59.5,43.69,79.41,64.24
1,4,2,2,2,43.9,51.54,47.68,54.43,69.27,0.17,33.12,30.76,64.55
1,4,2,2,3,73.68,62.83,31.15,19.45,43.26,12.38,91.73,44.66,99.18
1,4,2,2,4,8.62,94.28,76.19,37.28,38.18,55.63,90.28,21.6,60.48
1,4,2,3,1,51.13,80.41,1.69,70.16,22.54,70.51,79.93,79.59,51.58
1,4,2,3,2,41.56,9.21,27.88,46.22,10.57,79.43,28.72,73.06,17.01
1,4,2,3,3,52.16,13.83,58.72,75.03,61.3,16.78,68.8,2.72,41.92
1,4,2,3,4,89.32,51.11,15.96,79.41,25.12,70.2,24.44,28.78,19.46
1,4,2,4,1,71.23,54.95,54.18,85.64,9.55,72.52,25.65,65.79,31.53
1,4,2,4,2,51.93,82.22,79.1,97.68,47.43,46.89,54.38,68.64,60.06
1,4,2,4,3,36.29,52.54,41.83,12.66,7.6,64.44,66.21,13.84,82.75
1,4,2,4,4,52.91,50.42,38.93,32.18,62.97,86.61,39.25,55.15,86.35
1,4,3,1,1,86.96,35.73,65.47,36.53,14.08,91.11,84.56,59.77,22.75
1,4,3,1,2,69.19,82.44,61.17,81.58,11.85,90.23,54.91,41.23,10.02
1,4,3,1,3,8.63,88.6,59.36,92.59,8.75,57.69,39.94,20.63,7.37
1,4,3,1,4,80.36,20.77,60.12,17.71,13.19,90.07,84.38,32.0,95.24
1,4,3,2,1,35.85,1.02,8.78,18.56,24.85,46.07,67.2,34.16,15.71
1,4,3,2,2,61.6,96.91,28.07,64.82,41.29,50.0,64.3,18.6,78.62
1,4,3,2,3,25.71,80.95,17.72,55.8,60.6,59.0,3.65,93.3,15.08
1,4,3,2,4,65.82,67.14,42.01,0.09,54.21,6.51,84.56,88.33,71.9
1,4,3,3,1,26.02,57.22,37.58,58.26,52.8,32.99,23.01,72.63,98.76
1,4,3,3,2,23.42,95.35,91.02,29.11,47.02,76.87,81.38,75.67,95.93
1,4,3,3,3,12.35,33.6,43.51,94.21,44.53,43.74,18.78,73.92,91.95
1,4,3,3,4,59.21,77.68,42.04,39.57,4.02,44.31,81.85,4.64,82.5
1,4,3,4,1,62.32,84.62,68.45,1.79,27.95,3.47,77.65,80.11,60.55
1,4,3,4,2,16.48,8.08,18.63,69.82,62.04,65.33,98.96,52.81,48.13
1,4,3,4,3,21.75,45.02,78.31,79.8,76.66,67.71,9.62,90.88,45.25
1,4,3,4,4,66.14,90.45,72.88,24.8,50.61,32.23,44.71,41.22,5.69
1,4,4,1,1,81.98,66.69,18.62,32.2,51.5,26.67,43.51,1.74,90.51
1,4,4,1,2,49.08,41.5,72.17,39.35,92.0,21.39,33.59,35.93,0.14
1,4,4,1,3,98.76,7.68,5.61,5.56,48.67,1.75,98.38,55.97,99.54
1,4,4,1,4,19.65,53.46,16.7,87.69,99.03,63.29,22.73,35.43,74.29
1,4,4,2,1,22.07,26.1,67.33,33.74,58.29,38.9,34.93,93.63,67.23
1,4,4,2,2,3.67,87.64,81.47,47.04,82.08,11.01,92.11,69.63,70.12
1,4,4,2,3,17.46,38.67,35.05,24.37,68.98,57.37,5.9,94.94,60.63
1,4,4,2,4,21.9,98.53,74.1,39.15,11.2,77.68,62.43,49.33,21.13
1,4,4,3,1,1.61,29.45,70.64,17.53,34.91,96.56,65.6,63.53,51.54
1,4,4,3,2,69.41,11.26,4.68,79.06,65.05,35.04,84.78,58.22,55.21
1,4,4,3,3,43.74,69.82,78.28,25.6,24.27,61.54,38.18,6.47,39.43
1,4,4,3,4,90.38,0.08,84.56,31.59,55.7,20.93,64.02,79.37,47.55
1,4,4,4,1,78.12,52.05,54.1,47.23,69.65,97.49,39.56,24.87,50.64
1,4,4,4,2,31.19,70.85,97.95,27.9,91.39,39.96,22.68,38.49,70.51
1,4,4,4,3,59.84,10.26,84.77,18.56,98.18,5.93,19.73,7.04,9.93
1,4,4,4,4,16.98,71.88,69.17,82.48,73.13,9.36,54.32,21.88,31.1
2,1,1,1,1,4.71,21.5,5.38,39.51,82.13,12.08,77.86,89.16,88.53
2,1,1,1,2,63.19,66.08,27.15,11.44,82.83,63.19,81.76,93.57,23.32
2,1,1,1,3,94.17,31.96,79.05,0.95,98.57,89.26,82.31,8.48,40.35
2,1,1,1,4,19.12,61.21,12.26,8.64,50.08,30.86,22.95,32.46,47.8
2,1,1,2,1,10.75,71.3,20.43,26.34,23.56,24.85,40.54,16.98,16.44
2,1,1,2,2,90.26,68.91,26.35,18.92,80.68,58.9,21.97,85.36,36.68
2,1,1,2,3,93.22,28.41,63.56,30.72,88.37,65.52,48.99,10.55,72.14
2,1,1,2,4,66.99,35.4,72.37,51.12,62.26,15.51,37.9,20.14,6.52
2,1,1,3,1,11.15,85.21,58.55,81.65,40.8,26.0,28.62,12.28,46.48
2,1,1,3,2,33.82,67.53,71.34,9.4,59.15,25.16,83.83,78.16,10.34
2,1,1,3,3,33.44,73.38,10.1,42.44,7.77,64.38,23.81,46.43,46.02
2,1,1,3,4,51.77,18.22,8.78,5.25,14.75,31.36,94.77,93.94,96.37
2,1,1,4,1,51.72,55.89,24.74,59.34,33.14,20.27,52.07,68.68,54.03
2,1,1,4,2,86.5,18.76,3.41,50.25,34.32,63.59,22.84,3.26,18.14
2,1,1,4,3,69.79,79.95,68.15,88.23,97.44,38.87,63.7,5.92,4.32
2,1,1,4,4,33.97,66.59,88.42,63.0,62.08,5.12,2.32,43.69,58.45
2,1,2,1,1,85.53,58.81,5.83,11.93,9.75,18.12,70.68,32.12,4.33
2,1,2,1,2,36.87,7.59,25.58,82.91,63.11,94.14,89.03,70.22,26.05
2,1,2,1,3,59.05,48.19,89.84,5.71,45.89,54.71,18.05,85.24,66.64
2,1,2,1,4,61.61,98.39,32.91,50.91,29.15,97.43,65.76,55.46,90.73
2,1,2,2,1,99.18,15.91,76.84,70.85,18.14,42.39,5.59,90.67,75.31
2,1,2,2,2,98.69,94.06,79.47,94.85,17.96,21.93,50.44,0.74,55.26
2,1,2,2,3,76.37,67.06,97.54,58.64,41.07,79.01,18.82,0.57,85.35
2,1,2,2,4,22.77,10.29,28.38,38.94,6.41,93.89,91.86,28.37,73.89
2,1,2,3,1,22.65,82.41,8.39,12.71,63.7,88.73,23.26,13.2,73.46
2,1,2,3,2,16.89,35.28,73.48,54.09,28.76,77.48,31.47,89.4,93.83
2,1,2,3,3,92.92,27.57,20.78,22.62,84.59,28.56,7.02,47.0,2.06
2,1,2,3,4,26.2,18.38,86.22,83.05,91.74,12.34,16.85,75.16,58.36
2,1,2,4,1,23.04,41.07,64.37,91.92,24.38,28.02,63.33,16.92,38.44
2,1,2,4,2,97.4,33.15,95.7,41.99,13.48,61.1,3.27,68.9,33.03
2,1,2,4,3,62.49,94.25,83.46,25.74,6.02,49.14,25.43,29.82,69.85
2,1,2,4,4,35.58,82.4,75.08,63.92,80.87,9.83,6.81,9.89,53.08
2,1,3,1,1,78.03,90.89,41.6,29.17,39.46,37.34,45.97,12.94,53.88
2,1,3,1,2,62.66,80.47,16.24,85.16,88.48,27.64,23.76,95.8,5.62
2,1,3,1,3,35.59,14.64,11.97,75.61,70.88,58.01,77.73,35.42,64.87
2,1,3,1,4,45.93,82.58,78.62,84.42,13.75,16.89,39.81,79.14,59.44
2,1,3,2,1,79.0,56.8,19.11,2.25,7.77,87.3,97.22,56.89,32.14
2,1,3,2,2,90.99,82.56,58.9,10.98,52.67,32.14,1.38,42.69,94.55
2,1,3,2,3,14.95,35.35,48.37,11.65,68.05,59.42,23.11,43.83,97.54
2,1,3,2,4,81.96,34.56,79.33,20.32,10.38,14.36,93.76,88.13,32.68
2,1,3,3,1,4.63,59.72,73.89,61.01,6.93,4.45,69.68,39.06,38.75
2,1,3,3,2,55.15,25.83,82.19,12.77,10.4,10.98,72.68,22.9,27.74
2,1,3,3,3,81.02,27.87,84.44,5.99,27.58,9.83,24.05,1.69,66.12
2,1,3,3,4,46.38,90.77,80.11,53.16,98.72,82.04,13.37,66.82,12.95
2,1,3,4,1,62.13,10.7,91.17,19.3,1.76,13.41,55.22,49.33,31.66
2,1,3,4,2,53.38,47.98,24.0,60.64,43.87,90.12,15.88,92.89,55.57
2,1,3,4,3,69.67,13.95,69.79,20.7,32.82,48.02,54.74,60.45,41.72
2,1,3,4,4,82.09,11.44,54.68,69.97,27.68,63.62,49.75,24.45,82.25
2,1,4,1,1,93.29,8.33,78.49,16.29,68.49,87.82,6.13,1.39,68.26
2,1,4,1,2,17.14,70.89,3.51,41.12,55.22,48.68,64.4,59.42,21.88
2,1,4,1,3,30.07,59.22,21.28,37.91,20.01,45.01,32.83,64.75,19.39
2,1,4,1,4,59.68,4.13,83.12,42.86,27.91,54.9,95.63,14.95,48.16
2,1,4,2,1,54.7,63.56,90.54,56.09,46.46,90.4,66.98,26.24,64.6
2,1,4,2,2,1.45,68.77,16.88,52.8,80.57,8.14,46.18,25.53,39.06
2,1,4,2,3,31.4,18.93,79.5,13.35,78.65,24.67,84.08,67.52,3.68
2,1,4,2,4,28.47,54.05,22.62,32.04,82.47,95.22,4.49,59.92,72.69
2,1,4,3,1,51.67,64.23,85.66,44.93,24.98,64.57,30.55,90.45,69.3
2,1,4,3,2,30.06,69.48,47.51,69.61,61.87,31.62,34.7,17.49,11.33
2,1,4,3,3,6.83,61.81,90.45,84.87,67.02,66.01,67.28,60.58,43.63
2,1,4,3,4,47.64,80.11,67.06,98.48,5.78,99.3,38.16,20.6,12.03
2,1,4,4,1,21.16,27.78,73.02,39.63,75.94,8.14,49.71,50.1,54.88
2,1,4,4,2,82.45,54.66,71.75,46.05,31.84,94.88,4.32,10.55,25.69
2,1,4,4,3,20.31,34.75,31.55,8.35,53.7,1.54,32.78,6.74,19.34
2,1,4,4,4,93.65,24.74,28.43,37.78,88.73,15.7,86.64,13.1,20.52
2,2,1,1,1,71.62,57.06,75.35,33.8,0.69,64.9,79.08,37.64,72.52
2,2,1,1,2,35.28,11.63,49.3,30.48,4.79,85.78,62.96,31.61,19.67
2,2,1,1,3,82.29,92.98,18.63,85.68,22.12,77.31,87.87,5.04,47.79
2,2,1,1,4,47.77,64.25,64.34,47.76,62.98,80.53,3.03,85.07,48.98
2,2,1,2,1,86.38,73.44,25.37,7.83,21.89,11.13,39.55,9.89,39.58
2,2,1,2,2,73.04,71.49,97.04,58.08,76.61,50.53,31.09,9.17,68.63
2,2,1,2,3,25.74,29.64,25.9,46.51,33.88,25.16,70.81,2.94,95.26
2,2,1,2,4,0.15,32.97,63.6,83.67,59.8,57.52,13.95,75.84,0.83
2,2,1,3,1,48.39,76.24,6.57,98.12,2.5,7.02,3.13,45.26,52.28
2,2,1,3,2,88.89,32.35,93.74,21.41,36.76,26.58,62.06,97.15,10.42
2,2,1,3,3,75.81,49.11,1.31,70.28,7.29,10.01,73.27,45.85,96.39
2,2,1,3,4,25.34,6.06,52.37,22.56,90.1,23.28,78.44,67.52,86.64
2,2,1,4,1,12.14,77.22,17.23,81.26,32.99,9.0,13.27,18.86,61.62
2,2,1,4,2,11.88,99.87,71.48,95.78,16.74,72.65,21.69,1.52,29.39
2,2,1,4,3,23.57,88.99,19.02,24.62,48.58,1.04,95.54,49.81,2.39
2,2,1,4,4,2.27,54.55,83.07,75.06,27.82,98.02,82.59,70.77,1.61
2,2,2,1,1,60.66,10.0,57.08,69.56,74.62,46.96,75.96,54.49,30.03
2,2,2,1,2,27.31,99.86,6.46,9.27,99.78,74.59,28.7,88.13,62.33
2,2,2,1,3,54.01,26.28,72.64,52.42,81.41,7.9,65.28,80.32,21.94
2,2,2,1,4,71.08,57.24,24.4,22.78,71.86,83.84,84.03,64.55,74.17
2,2,2,2,1,98.96,84.96,96.21,72.43,61.18,26.41,25.96,14.7,66.39
2,2,2,2,2,72.4,13.42,75.06,95.02,60.83,92.01,16.49,58.26,57.54
2,2,2,2,3,25.75,87.76,50.27,95.91,95.47,23.09,2.35,66.95,29.45
2,2,2,2,4,2.01,39.67,1.36,37.83,87.89,96.94,31.12,20.63,15.83
2,2,2,3,1,41.0,57.08,63.13,5.78,60.31,44.96,89.43,87.78,57.39
2,2,2,3,2,60.05,30.37,53.51,64.42,57.3,48.69,0.52,39.77,2.36
2,2,2,3,3,46.01,55.19,84.15,49.73,47.34,16.15,21.3,28.93,54.18
2,2,2,3,4,68.19,90.74,38.78,30.71,56.11,8.06,78.74,78.45,70.25
2,2,2,4,1,38.9,3.31,90.96,7.21,68.94,49.1,46.37,89.18,55.09
2,2,2,4,2,24.48,79.54,76.57,57.55,13.63,45.69,3.17,98.74,45.04
2,2,2,4,3,56.08,93.95,54.21,44.06,71.01,90.35,86.64,97.76,81.65
2,2,2,4,4,96.56,71.37,49.03,5.39,30.82,61.03,33.44,76.24,33.11
2,2,3,1,1,57.56,47.96,76.32,95.63,28.84,58.86,24.62,75.77,29.93
2,2,3,1,2,55.8,63.33,35.77,94.31,43.95,34.05,87.11,94.91,36.55
2,2,3,1,3,69.85,88.64,39.83,50.4,86.3,93.51,14.58,93.59,27.53
2,2,3,1,4,93.84,84.07,94.04,82.84,98.56,5.64,3.08,45.05,5.31
2,2,3,2,1,26.18,16.41,80.41,53.38,66.17,68.55,11.99,11.03,3.5
2,2,3,2,2,75.65,58.1,67.77,82.1,24.67,85.25,8.08,60.35,61.26
2,2,3,2,3,56.53,38.87,8.62,26.06,37.61,47.83,94.9,14.18,82.8
2,2,3,2,4,55.43,37.55,3.64,84.47,52.83,19.91,51.03,26.62,84.08
2,2,3,3,1,70.45,88.73,91.24,97.23,75.27,99.95,2.07,26.15,16.07
2,2,3,3,2,8.79,24.79,3.68,89.38,53.45,36.92,5.09,48.05,60.74
2,2,3,3,3,17.37,35.56,7.86,35.41,18.82,51.06,76.58,74.7,40.21
2,2,3,3,4,80.13,60.27,61.95,9.91,45.74,82.87,42.26,76.8,57.59
2,2,3,4,1,70.1,29.58,19.66,20.03,98.81,93.61,85.47,90.07,0.22
2,2,3,4,2,20.18,36.3,3.31,55.83,47.43,45.49,91.49,8.43,16.15
2,2,3,4,3,18.02,85.79,47.74,73.45,10.25,33.51,54.39,9.12,47.57
2,2,3,4,4,8.91,6.84,8.61,71.54,43.08,88.54,10.64,21.6,98.24
2,2,4,1,1,81.16,32.01,76.01,18.57,96.08,96.77,43.74,11.52,35.15
2,2,4,1,2,11.0,7.35,13.06,78.57,35.19,52.3,68.98,71.01,9.28
2,2,4,1,3,19.19,93.24,48.42,10.64,31.12,21.44,94.57,55.26,15.1
2,2,4,1,4,9.2,35.78,4.89,12.28,6.17,65.32,29.82,3.58,31.89
2,2,4,2,1,57.67,77.0,91.3,1.8,18.48,60.32,29.22,9.02,12.07
2,2,4,2,2,19.62,85.13,73.97,66.68,4.44,23.9,51.09,43.8,44.27
2,2,4,2,3,69.11,31.91,69.59,29.11,85.74,21.44,34.24,39.11,8.63
2,2,4,2,4,36.67,37.41,45.84,75.64,22.69,9.93,74.28,42.01,99.62
2,2,4,3,1,93.19,43.71,10.92,75.54,49.56,71.7,55.93,26.28,55.45
2,2,4,3,2,33.83,41.65,4.26,18.2,73.01,29.85,23.74,59.1,7.58
2,2,4,3,3,69.96,58.09,19.87,93.39,78.01,56.72,55.3,43.85,86.12
2,2,4,3,4,94.72,85.21,53.95,19.65,34.79,12.88,37.27,15.85,94.46
2,2,4,4,1,58.53,7.12,24.23,89.39,77.88,62.94,85.81,40.48,14.57
2,2,4,4,2,2.87,83.4,47.55,3.64,72.55,64.27,36.41,88.47,69.63
2,2,4,4,3,32.8,83.92,60.55,36.4,53.38,3.82,68.78,80.1,57.83
2,2,4,4,4,98.73,54.82,85.02,77.01,93.66,1.02,76.59,64.96,78.49
2,3,1,1,1,60.14,72.16,64.96,75.02,94.81,84.53,96.23,13.83,72.37
2,3,1,1,2,66.07,21.38,2.5,81.81,43.67,97.36,47.95,51.54,18.38
2,3,1,1,3,56.61,6.97,25.88,23.22,43.16,28.38,66.7,58.55,14.78
2,3,1,1,4,26.78,32.15,18.07,52.73,84.54,24.63,41.01,20.58,73.08
2,3,1,2,1,39.02,28.29,34.72,6.04,69.69,33.58,30.61,32.11,59.22
2,3,1,2,2,71.1,25.88,2.94,43.44,61.72,54.62,10.98,28.45,13.07
2,3,1,2,3,48.97,64.14,40.86,79.06,71.42,15.93,87.31,23.51,3.29
2,3,1,2,4,77.39,56.02,60.7,60.54,66.56,97.95,99.82,43.19,66.57
2,3,1,3,1,89.15,57.52,65.21,97.62,17.24,59.69,17.75,77.85,45.27
2,3,1,3,2,71.05,62.18,40.04,78.96,85.42,33.33,62.72,49.92,15.89
2,3,1,3,3,37.32,70.83,8.16,12.26,63.46,61.3,32.76,19.1,64.98
2,3,1,3,4,10.49,7.32,10.83,86.66,31.69,96.29,17.6,41.58,91.2
2,3,1,4,1,4.67,17.48,46.25,83.75,68.48,11.17,95.4,23.45,23.2
2,3,1,4,2,25.87,91.59,42.17,14.14,5.61,10.34,89.45,49.78,65.57
2,3,1,4,3,0.84,14.15,65.16,78.3,4.12,89.34,51.14,10.29,50.15
2,3,1,4,4,60.77,16.37,73.81,93.21,4.29,40.01,13.1,64.56,74.24
2,3,2,1,1,18.92,55.56,38.41,91.56,43.36,57.81,39.69,4.32,86.35
2,3,2,1,2,90.0,21.24,56.14,5.0,15.52,18.53,78.92,86.07,9.42
2,3,2,1,3,29.31,98.91,83.54,95.82,38.24,47.57,78.09,45.48,51.29
2,3,2,1,4,67.91,76.92,37.94,43.7,10.56,17.24,2.56,25.19,9.12
2,3,2,2,1,69.71,61.18,43.92,84.58,26.82,4.99,71.28,21.31,90.46
2,3,2,2,2,20.54,93.98,55.0,6.78,55.09,16.59,36.63,40.04,67.3
2,3,2,2,3,51.74,92.07,60.45,52.15,74.59,26.78,39.59,50.77,22.05
2,3,2,2,4,31.19,91.24,18.93,20.25,37.53,71.36,75.86,90.56,9.72
2,3,2,3,1,35.0,91.22,64.96,87.81,39.13,0.48,51.52,90.61,30.25
2,3,2,3,2,91.66,29.69,63.03,3.65,80.13,80.28,58.88,42.4,77.38
2,3,2,3,3,64.0,94.34,29.66,94.15,95.92,57.55,63.28,79.11,74.57
2,3,2,3,4,99.21,56.38,44.58,83.91,15.8,69.04,85.75,78.22,56.23
2,3,2,4,1,78.19,12.03,3.35,77.09,70.12,33.42,52.35,65.96,10.24
2,3,2,4,2,51.08,92.83,29.61,64.33,41.39,42.17,52.4,54.58,81.43
2,3,2,4,3,31.6,88.8,88.58,25.57,70.66,8.1,75.52,11.58,66.88
2,3,2,4,4,16.91,76.84,49.86,47.14,56.45,58.45,40.29,61.61,94.05
2,3,3,1,1,26.12,84.58,10.49,29.05,67.37,39.46,17.15,96.71,57.76
2,3,3,1,2,6.04,67.48,54.97,43.86,18.13,46.95,41.43,4.48,95.3
2,3,3,1,3,43.08,0.46,40.83,6.18,56.78,25.48,62.89,37.11,85.48
2,3,3,1,4,19.93,1.95,7.81,88.88,97.24,99.8,71.21,25.76,41.73
2,3,3,2,1,43.22,5.25,38.38,48.53,20.29,11.9,78.0,19.91,19.27
2,3,3,2,2,62.18,17.75,63.05,85.24,25.17,36.04,75.71,76.91,78.8
2,3,3,2,3,58.62,8.89,37.6,49.88,47.73,99.93,46.38,53.16,8.95
2,3,3,2,4,75.45,16.07,11.04,57.03,39.19,29.9,93.17,57.93,44.9
2,3,3,3,1,95.05,99.78,77.34,92.94,67.11,8.63,71.66,18.0,5.41
2,3,3,3,2,34.31,57.86,74.15,47.43,63.96,2.24,17.18,25.31,46.53
2,3,3,3,3,70.27,58.52,3.17,50.51,58.79,73.7,12.57,93.68,27.28
2,3,3,3,4,42.9,23.24,7.07,24.71,74.92,93.34,28.14,78.05,16.87
2,3,3,4,1,32.71,69.15,61.32,35.51,94.93,21.96,54.07,8.81,69.93
2,3,3,4,2,44.27,26.99,37.86,54.95,67.23,35.19,59.79,91.11,48.1
2,3,3,4,3,14.47,16.79,15.82,29.39,30.68,53.0,60.6,50.85,98.8
2,3,3,4,4,54.75,70.69,80.55,56.45,90.68,36.18,93.62,74.11,35.12
2,3,4,1,1,71.83,37.87,33.61,51.44,97.39,46.81,36.13,44.34,30.7
2,3,4,1,2,8.09,19.34,61.48,38.96,79.3,46.48,30.39,23.86,99.1
2,3,4,1,3,6.5,69.72,64.37,87.26,24.27,19.1,11.96,7.59,40.3
2,3,4,1,4,23.26,11.85,97.51,89.71,44.56,50.88,75.11,96.22,99.53
2,3,4,2,1,22.13,70.52,83.91,10.08,61.9,17.1,74.49,47.84,57.76
2,3,4,2,2,27.63,47.18,95.2,41.51,25.12,28.85,67.81,20.99,15.69
2,3,4,2,3,52.6,13.82,21.01,64.93,69.55,71.17,32.91,69.89,19.22
2,3,4,2,4,99.95,20.54,68.97,35.54,55.91,10.32,45.04,39.9,99.74
2,3,4,3,1,47.02,63.91,22.04,47.37,84.44,10.61,62.81,64.19,80.32
2,3,4,3,2,42.42,44.21,38.47,13.18,43.57,29.96,65.74,24.25,6.2
2,3,4,3,3,73.39,43.07,87.42,27.59,50.19,35.61,22.43,9.84,33.31
2,3,4,3,4,71.82,65.24,57.04,95.67,17.04,28.75,48.3,14.61,14.27
2,3,4,4,1,85.42,6.45,28.64,69.75,90.89,72.16,79.65,78.85,68.17
2,3,4,4,2,1.99,16.91,48.39,78.35,28.33,29.49,89.9,14.97,57.05
2,3,4,4,3,67.39,33.68,18.02,58.57,47.55,70.69,98.26,13.08,74.0
2,3,4,4,4,54.86,11.66,88.3,62.41,87.7,82.96,97.15,63.3,3.05
2,4,1,1,1,32.17,14.57,86.2,62.53,49.14,15.21,9.77,26.72,91.75
2,4,1,1,2,32.69,76.0,4.5,47.89,19.64,0.24,38.8,59.47,43.32
2,4,1,1,3,90.21,86.77,19.91,89.01,74.3,31.54,82.87,25.5,81.5
2,4,1,1,4,33.77,21.74,21.35,56.47,20.03,5.67,46.09,82.8,3.63
2,4,1,2,1,29.85,53.18,5.23,24.25,91.18,77.28,24.88,90.44,58.44
2,4,1,2,2,67.14,45.59,54.27,47.62,46.89,5.82,71.08,44.06,81.75
2,4,1,2,3,87.46,3.59,57.54,21.06,29.74,59.59,8.98,94.02,24.78
2,4,1,2,4,47.31,23.33,3.55,34.46,82.22,50.92,89.9,91.75,57.1
2,4,1,3,1,32.15,75.16,5.87,60.67,20.99,67.09,8.97,43.67,0.65
2,4,1,3,2,50.48,13.98,11.25,88.12,18.59,75.99,27.98,89.24,5.89
2,4,1,3,3,31.24,41.19,18.65,24.7,88.89,19.1,7.5,64.83,67.04
2,4,1,3,4,79.78,13.52,68.28,22.2,98.73,30.88,99.94,61.14,14.87
2,4,1,4,1,74.62,89.95,26.46,54.25,63.79,97.94,99.01,29.34,26.03
2,4,1,4,2,68.82,38.99,95.91,36.85,89.05,14.03,20.65,11.92,10.1
2,4,1,4,3,94.34,31.95,68.39,30.67,55.08,32.55,95.87,47.07,87.23
2,4,1,4,4,84.14,8.31,31.36,40.78,17.37,98.41,1.3,19.73,28.8
2,4,2,1,1,46.62,95.03,31.4,71.09,93.67,41.92,72.03,25.99,71.14
2,4,2,1,2,76.21,61.23,69.47,44.55,86.81,47.63,83.71,98.59,49.67
2,4,2,1,3,40.4,3.28,69.0,49.68,45.97,58.16,59.21,39.56,38.21
2,4,2,1,4,81.74,78.75,43.04,81.7,92.07,85.3,37.21,71.75,61.19
2,4,2,2,1,73.33,10.62,98.35,27.82,70.84,68.13,61.07,51.42,74.4
2,4,2,2,2,65.6,83.83,53.22,69.1,7.99,29.46,28.18,28.69,73.52
2,4,2,2,3,67.22,63.07,42.14,18.46,77.51,75.02,5.56,39.05,82.29
2,4,2,2,4,56.87,57.72,50.62,61.86,58.75,61.8,54.06,9.85,53.27
2,4,2,3,1,2.51,6.06,24.52,79.72,29.86,25.2,64.08,47.48,42.33
2,4,2,3,2,78.25,38.22,83.41,83.84,28.89,71.03,14.94,48.06,45.03
2,4,2,3,3,79.11,56.05,32.25,61.79,67.69,26.0,74.21,10.22,93.66
2,4,2,3,4,13.56,87.25,19.92,15.53,60.01,51.51,93.32,10.51,94.96
2,4,2,4,1,48.0,91.57,60.42,58.34,24.13,15.66,48.31,66.44,7.5
2,4,2,4,2,63.54,56.67,48.65,37.11,55.36,51.01,44.16,69.51,91.65
2,4,2,4,3,80.05,83.82,37.19,16.19,37.62,32.26,41.86,97.08,48.85
2,4,2,4,4,40.46,93.34,7.33,50.05,93.06,12.36,80.25,80.82,1.13
2,4,3,1,1,42.68,33.41,36.92,63.29,71.02,89.47,80.71,4.57,44.16
2,4,3,1,2,9.46,26.49,18.01,75.11,52.37,12.47,34.55,38.01,56.06
2,4,3,1,3,12.95,95.96,73.68,79.86,91.96,8.21,84.31,58.92,80.56
2,4,3,1,4,2.71,22.69,40.0,16.9,4.57,40.38,30.9,86.9,98.0
2,4,3,2,1,12.41,68.11,64.79,2.97,88.15,15.12,20.84,46.67,53.64
2,4,3,2,2,21.42,62.41,77.2,87.8,91.02,57.28,63.65,71.58,10.27
2,4,3,2,3,46.66,48.35,91.78,29.4,80.84,80.93,40.38,1.36,79.78
2,4,3,2,4,70.74,13.18,28.66,4.3,8.96,82.13,76.82,9.58,7.56
2,4,3,3,1,69.54,62.78,8.29,91.64,76.23,13.11,74.14,20.48,25.78
2,4,3,3,2,38.72,43.72,64.26,21.3,81.85,47.34,93.65,62.81,75.47
2,4,3,3,3,6.22,26.82,61.39,67.28,66.53,48.27,69.83,5.54,96.11
2,4,3,3,4,93.31,59.38,24.64,87.01,79.31,89.08,23.78,0.08,87.04
2,4,3,4,1,88.68,37.52,22.23,14.3,29.55,96.51,99.62,43.6,59.19
2,4,3,4,2,23.97,49.45,18.24,47.92,92.44,56.27,31.71,43.72,71.61
2,4,3,4,3,44.64,9.99,38.82,91.86,66.09,95.63,81.99,32.47,5.7
2,4,3,4,4,64.06,60.01,66.95,49.37,26.48,11.76,97.05,28.42,7.45
2,4,4,1,1,55.66,59.41,66.79,10.17,13.5,9.26,3.38,33.69,0.97
2,4,4,1,2,6.79,24.35,52.69,22.98,84.82,85.91,34.24,44.92,75.56
2,4,4,1,3,37.78,56.92,72.19,89.3,25.96,3.39,6.83,69.46,73.79
2,4,4,1,4,39.76,98.3,22.89,76.06,97.29,88.26,20.26,50.15,20.28
2,4,4,2,1,81.93,19.01,91.81,12.41,39.35,15.58,44.01,94.97,55.75
2,4,4,2,2,90.72,94.85,65.22,17.97,81.57,60.8,47.35,93.18,14.84
2,4,4,2,3,64.58,45.73,61.17,28.08,84.49,55.59,70.77,82.53,92.19
2,4,4,2,4,16.1,93.98,14.33,13.49,5.93,40.47,32.4,37.35,79.4
2,4,4,3,1,6.28,69.59,25.34,99.78,25.42,98.73,87.87,67.46,47.95
2,4,4,3,2,11.17,34.58,75.21,13.26,70.01,63.04,23.44,6.34,92.78
2,4,4,3,3,55.13,69.0,39.12,81.63,21.43,91.67,32.66,64.48,12.22
2,4,4,3,4,2.67,97.46,91.29,99.29,77.15,34.34,65.54,28.62,91.07
2,4,4,4,1,42.53,52.78,56.75,33.38,88.8,32.15,89.25,82.63,94.12
2,4,4,4,2,21.27,56.5,62.4,71.89,33.03,93.5,94.69,31.97,28.22
2,4,4,4,3,65.59,35.51,45.72,56.84,40.95,93.03,83.46,78.36,28.65
2,4,4,4,4,20.71,99.67,77.1,83.99,65.24,81.17,31.25,6.29,54.55
3,1,1,1,1,69.38,57.28,89.62,95.13,31.57,99.62,34.33,8.77,68.93
3,1,1,1,2,3.47,96.4,85.08,30.97,91.7,37.99,39.1,90.12,2.67
3,1,1,1,3,86.13,19.56,51.25,45.08,52.68,97.06,17.41,26.96,30.37
3,1,1,1,4,91.71,54.07,90.29,15.3,38.39,82.47,2.1,79.49,1.01
3,1,1,2,1,57.08,50.83,2.23,63.37,26.3,92.01,34.47,45.7,90.36
3,1,1,2,2,81.6,15.15,60.5,17.45,20.89,9.84,18.4,82.52,2.19
3,1,1,2,3,5.7,40.69,51.37,53.37,86.24,60.19,89.62,7.24,29.84
3,1,1,2,4,58.3,45.66,58.68,96.01,46.29,11.81,43.38,57.07,9.8
3,1,1,3,1,63.08,80.21,93.11,3.31,46.39,44.52,67.79,18.96,75.91
3,1,1,3,2,36.68,65.03,19.1,20.23,99.35,61.76,27.9,58.49,79.52
3,1,1,3,3,2.45,65.65,49.61,29.11,96.21,51.99,19.68,3.65,44.17
3,1,1,3,4,97.85,76.33,75.08,74.33,77.03,36.46,16.03,96.36,85.35
3,1,1,4,1,39.46,39.56,20.93,41.16,11.35,20.49,42.65,47.23,45.47
3,1,1,4,2,20.35,64.18,36.0,5.76,9.83,4.93,70.23,52.43,24.45
3,1,1,4,3,37.35,54.04,16.11,14.12,1.2,84.59,32.72,84.32,26.62
3,1,1,4,4,60.87,29.26,98.01,32.49,88.96,57.64,24.69,89.67,2.95
3,1,2,1,1,53.13,35.13,32.3,96.26,42.12,87.54,41.5,45.16,93.97
3,1,2,1,2,76.91,62.52,83.08,76.66,50.83,91.93,65.9,29.43,79.63
3,1,2,1,3,42.6,5.19,51.88,6.1,12.55,62.03,96.83,58.87,66.79
3,1,2,1,4,28.01,80.43,59.55,27.31,5.25,15.27,0.58,90.16,48.58
3,1,2,2,1,55.85,43.78,15.75,4.67,55.5,50.73,80.53,88.32,63.74
3,1,2,2,2,75.73,45.7,42.06,73.8,47.16,52.79,70.42,96.8,60.98
3,1,2,2,3,1.83,3.65,61.44,33.17,15.79,29.04,39.95,7.86,26.83
3,1,2,2,4,29.13,55.64,75.48,18.32,58.05,54.07,80.15,18.51,58.5
3,1,2,3,1,56.07,1.98,58.15,41.02,17.83,54.77,14.01,83.09,20.92
3,1,2,3,2,34.8,18.51,81.31,94.1,14.92,42.11,94.89,82.53,75.0
3,1,2,3,3,10.31,57.24,64.05,9.86,94.59,55.4,5.04,89.14,11.1
3,1,2,3,4,45.79,8.61,88.27,72.98,8.26,77.57,15.74,12.15,26.68
3,1,2,4,1,18.7,10.11,89.25,1.1,9.99,42.56,95.73,32.58,68.89
3,1,2,4,2,22.13,95.44,29.87,19.71,0.07,69.47,18.13,83.64,83.29
3,1,2,4,3,55.1,77.54,49.56,31.91,66.84,23.79,54.25,79.91,92.79
3,1,2,4,4,91.53,9.46,27.41,47.22,33.8,66.25,69.64,85.92,38.84
3,1,3,1,1,34.94,82.47,0.65,45.02,42.7,89.89,70.97,99.15,77.61
3,1,3,1,2,51.06,68.61,66.73,57.32,6.56,13.2,87.01,42.75,76.57
3,1,3,1,3,72.33,20.24,16.59,20.83,29.61,31.66,93.55,26.77,86.98
3,1,3,1,4,24.78,6.83,74.59,0.83,60.26,73.68,0.03,33.18,32.02
3,1,3,2,1,59.03,89.27,57.07,82.27,83.03,98.93,29.92,80.71,23.4
3,1,3,2,2,78.95,15.84,76.3,40.54,69.51,74.53,53.13,99.2,25.13
3,1,3,2,3,15.88,28.57,65.61,13.64,1.38,35.94,8.91,85.61,87.56
3,1,3,2,4,83.4,61.89,1.8,5.24,96.08,5.99,51.77,64.06,20.77
3,1,3,3,1,19.61,85.43,65.05,91.78,33.12,94.03,15.6,68.5,23.58
3,1,3,3,2,85.34,74.24,77.76,86.71,48.49,15.77,72.42,68.53,39.6
3,1,3,3,3,47.56,16.53,33.64,78.7,61.6,82.74,1.89,57.13,0.27
3,1,3,3,4,2.92,78.31,97.95,92.7,23.97,5.9,83.58,97.17,83.97
3,1,3,4,1,49.98,87.5,1.57,38.1,49.88,64.57,28.78,78.53,73.9
3,1,3,4,2,9.77,83.4,85.81,84.57,94.42,7.02,67.03,0.33,19.94
3,1,3,4,3,52.66,11.84,0.42,7.72,42.42,42.83,67.56,25.61,91.71
3,1,3,4,4,48.4,85.74,26.18,35.74,39.83,74.29,25.54,96.98,47.12
3,1,4,1,1,69.46,96.07,47.03,16.02,15.04,89.74,97.13,7.2,49.15
3,1,4,1,2,32.26,72.89,60.84,21.9,62.87,51.92,66.41,58.33,4.29
3,1,4,1,3,28.71,7.44,41.94,5.79,14.1,71.18,7.62,28.95,60.28
3,1,4,1,4,21.02,74.04,25.61,60.3,98.34,32.51,3.53,52.72,96.13
3,1,4,2,1,28.49,78.81,84.66,33.12,57.05,79.71,40.19,85.16,75.85
3,1,4,2,2,2.17,84.05,43.93,30.82,70.87,46.8,64.06,42.13,21.95
3,1,4,2,3,60.97,42.0,99.78,7.72,47.69,21.96,6.89,68.8,72.41
3,1,4,2,4,82.44,23.8,31.76,21.18,6.92,27.05,17.61,56.69,65.73
3,1,4,3,1,24.27,23.18,12.41,10.47,75.83,55.08,56.3,90.89,6.87
3,1,4,3,2,53.79,38.89,45.26,65.31,23.7,55.25,26.5,65.91,33.25
3,1,4,3,3,2.23,3.39,7.2,95.61,71.41,80.16,49.93,15.01,85.72
3,1,4,3,4,80.09,51.36,82.3,94.49,6.89,44.33,90.69,50.07,85.71
3,1,4,4,1,88.4,77.15,42.16,29.96,47.57,49.06,90.36,68.22,10.01
3,1,4,4,2,35.31,38.96,35.26,4.56,95.4,38.74,11.23,39.76,95.06
3,1,4,4,3,98.55,31.18,43.26,54.8,23.69,22.95,45.47,60.5,20.81
3,1,4,4,4,84.61,75.5,35.61,8.7,58.12,37.29,93.37,39.69,72.07
3,2,1,1,1,42.33,98.92,1.73,27.33,80.91,30.12,29.75,80.66,42.5
3,2,1,1,2,2.24,17.99,92.22,42.14,85.68,75.84,96.28,42.11,82.23
3,2,1,1,3,63.39,30.87,35.42,12.93,9.94,37.28,12.42,24.78,97.68
3,2,1,1,4,72.7,99.92,80.97,85.09,21.83,41.15,18.62,15.56,84.31
3,2,1,2,1,99.15,88.41,67.56,20.78,73.24,4.38,60.61,21.59,56.12
3,2,1,2,2,19.46,34.67,82.47,20.72,78.28,85.55,84.0,81.54,47.47
3,2,1,2,3,63.16,60.57,47.91,59.63,66.07,51.82,79.05,2.9,82.51
3,2,1,2,4,5.65,88.14,98.92,11.29,91.81,14.45,30.06,7.77,48.99
3,2,1,3,1,29.46,78.48,74.12,68.2,41.85,25.77,79.34,41.72,85.05
3,2,1,3,2,84.86,74.14,87.59,72.41,80.54,65.3,99.06,59.25,71.8
3,2,1,3,3,98.54,24.22,65.62,17.54,24.54,76.74,83.75,65.82,13.39
3,2,1,3,4,36.62,89.27,26.07,96.62,35.32,2.44,25.97,5.03,57.91
3,2,1,4,1,1.67,46.34,16.71,85.88,56.15,93.88,65.92,68.84,93.76
3,2,1,4,2,84.39,58.83,37.14,9.12,90.31,28.04,74.44,66.1,74.97
3,2,1,4,3,3.79,20.43,47.99,84.53,37.6,66.78,33.73,77.72,11.0
3,2,1,4,4,16.53,51.53,53.89,52.4,76.77,75.85,37.02,24.79,85.25
3,2,2,1,1,83.05,53.98,79.54,58.2,10.98,15.81,71.38,91.09,39.74
3,2,2,1,2,32.34,95.36,56.18,48.31,77.35,55.16,23.12,39.72,68.49
3,2,2,1,3,14.07,36.36,83.72,81.43,84.71,68.83,87.59,25.32,47.11
3,2,2,1,4,61.85,2.61,53.07,90.63,12.73,68.84,26.11,22.17,50.71
3,2,2,2,1,22.05,15.85,92.41,69.96,33.0,27.85,29.88,30.09,24.2
3,2,2,2,2,82.45,87.73,76.87,72.21,74.54,65.36,9.15,31.29,71.2
3,2,2,2,3,35.73,40.05,17.15,71.68,70.46,32.51,41.17,21.52,11.9
3,2,2,2,4,43.39,11.29,7.28,86.17,10.1,80.63,53.46,56.43,42.25
3,2,2,3,1,91.7,68.37,50.21,40.06,53.54,1.77,45.58,15.27,50.66
3,2,2,3,2,94.3,64.62,20.71,62.59,35.65,93.87,42.46,94.01,99.81
3,2,2,3,3,8.06,85.52,1.89,88.29,13.46,7.56,29.07,91.82,6.18
3,2,2,3,4,11.46,84.66,83.85,88.65,59.12,94.26,65.85,36.04,46.7
3,2,2,4,1,93.61,37.81,76.37,10.42,13.35,51.21,7.24,97.31,10.11
3,2,2,4,2,3.69,10.01,54.08,43.89,72.49,96.64,89.92,13.35,30.75
3,2,2,4,3,58.89,26.32,22.23,14.32,68.1,52.15,23.83,2.35,13.79
3,2,2,4,4,5.18,41.06,71.38,39.82,76.09,96.22,77.84,89.72,22.6
3,2,3,1,1,0.04,85.95,8.13,39.32,2.76,34.09,76.31,75.27,2.0
3,2,3,1,2,10.73,33.72,45.43,92.65,65.03,43.21,88.85,81.69,93.67
3,2,3,1,3,43.99,57.26,79.63,51.59,43.93,72.59,61.14,50.72,70.41
3,2,3,1,4,52.7,4.61,27.24,3.96,16.79,42.25,16.46,69.45,69.1
3,2,3,2,1,99.84,60.17,88.4,55.79,0.93,41.63,68.04,39.64,93.86
3,2,3,2,2,80.13,31.41,45.47,82.48,53.97,50.24,52.08,85.58,39.37
3,2,3,2,3,37.45,62.44,90.13,74.84,83.14,53.27,30.15,11.78,39.14
3,2,3,2,4,71.98,18.21,46.58,22.32,89.25,40.26,1.52,22.55,98.53
3,2,3,3,1,24.53,47.95,96.76,64.76,84.48,89.28,33.26,81.16,82.17
3,2,3,3,2,26.49,44.18,98.59,44.63,51.8,66.61,11.81,28.47,49.38
3,2,3,3,3,73.13,53.7,66.89,55.26,10.75,37.96,89.84,18.99,54.21
3,2,3,3,4,11.38,20.97,62.64,70.71,26.58,39.61,8.06,69.62,95.1
3,2,3,4,1,33.6,52.78,61.84,37.51,62.06,44.32,96.01,9.02,91.52
3,2,3,4,2,94.37,24.77,76.02,69.73,17.85,43.49,51.68,43.22,9.96
3,2,3,4,3,2.36,52.43,87.02,35.14,68.85,14.94,42.08,48.76,29.76
3,2,3,4,4,48.62,17.74,74.85,55.69,77.83,69.24,10.37,13.18,97.67
3,2,4,1,1,17.14,7.77,98.13,6.08,20.98,13.8,90.13,96.43,52.85
3,2,4,1,2,22.9,60.81,65.22,24.03,66.33,75.09,63.16,21.03,23.91
3,2,4,1,3,68.72,19.78,67.36,92.12,17.9,88.47,38.29,34.23,6.44
3,2,4,1,4,35.34,40.97,1.74,52.59,57.7,80.7,98.38,18.01,84.46
3,2,4,2,1,85.29,39.29,20.1,34.5,57.69,51.25,99.36,66.73,7.25
3,2,4,2,2,83.9,14.87,63.63,17.14,3.29,40.4,91.64,66.2,64.73
3,2,4,2,3,31.45,70.48,10.2,13.89,58.06,72.63,93.61,79.03,16.11
3,2,4,2,4,83.99,99.83,52.21,68.2,75.17,19.44,15.22,51.13,23.81
3,2,4,3,1,22.93,41.17,62.1,85.11,42.89,18.85,70.94,30.03,13.79
3,2,4,3,2,23.34,12.82,95.69,80.52,20.73,13.33,54.79,99.15,82.19
3,2,4,3,3,4.59,60.22,76.63,75.14,95.35,44.68,33.01,84.58,6.45
3,2,4,3,4,95.26,20.81,37.43,25.12,52.57,42.76,18.74,38.07,94.27
3,2,4,4,1,86.36,89.71,50.25,18.77,45.59,57.08,65.77,28.29,34.94
3,2,4,4,2,63.09,96.09,19.56,72.24,90.95,21.26,64.8,59.79,16.77
3,2,4,4,3,66.49,89.47,33.04,99.88,58.78,0.87,93.16,85.99,0.04
3,2,4,4,4,0.03,75.85,90.59,30.8,67.06,28.88,2.46,78.18,70.28
3,3,1,1,1,42.67,25.27,25.47,4.12,65.6,14.43,93.04,0.19,63.22
3,3,1,1,2,15.85,86.4,92.52,56.92,17.56,18.36,44.35,21.51,56.34
3,3,1,1,3,49.94,83.59,29.29,0.98,19.61,75.62,54.64,58.55,45.52
3,3,1,1,4,35.53,73.57,77.13,57.77,74.12,17.86,7.39,42.09,48.05
3,3,1,2,1,75.72,63.97,89.87,30.45,85.56,8.66,42.23,0.64,28.0
3,3,1,2,2,97.36,28.99,95.44,90.44,60.49,13.63,4.3,24.57,49.29
3,3,1,2,3,39.49,33.94,17.97,49.65,4.97,40.42,86.36,25.85,76.68
3,3,1,2,4,47.39,44.78,66.76,95.1,13.89,98.71,19.94,96.95,98.47
3,3,1,3,1,84.82,21.75,13.07,53.79,34.93,42.83,60.14,37.28,0.46
3,3,1,3,2,7.63,34.97,32.05,55.33,55.77,7.34,29.09,96.32,24.72
3,3,1,3,3,66.59,74.4,85.96,64.16,70.84,96.36,53.75,32.17,97.63
3,3,1,3,4,73.3,21.52,11.47,47.85,17.64,72.17,69.03,70.06,64.18
3,3,1,4,1,28.83,57.31,31.46,24.72,83.36,51.77,85.4,34.97,60.34
3,3,1,4,2,43.81,80.23,84.8,78.44,71.36,81.02,5.38,73.74,11.03
3,3,1,4,3,84.77,42.7,8.51,16.82,73.74,99.31,71.27,13.61,76.8
3,3,1,4,4,89.12,90.71,11.74,55.87,43.94,64.53,49.38,34.28,59.06
3,3,2,1,1,56.72,19.75,64.46,99.42,86.18,52.91,84.6,18.96,22.13
3,3,2,1,2,37.3,25.31,10.0,36.01,71.77,95.39,32.16,30.91,3.51
3,3,2,1,3,81.04,99.71,90.26,11.49,6.28,98.4,70.37,20.23,72.98
3,3,2,1,4,17.55,5.18,21.99,8.94,37.47,39.48,15.87,26.2,73.34
3,3,2,2,1,64.44,22.78,2.32,74.64,86.04,44.85,71.47,46.59,58.85
3,3,2,2,2,54.67,93.66,86.12,44.46,94.01,41.2,48.27,72.38,85.71
3,3,2,2,3,78.95,8.39,63.14,78.17,42.24,93.33,43.16,33.95,65.74
3,3,2,2,4,55.77,66.35,42.01,80.95,92.11,34.73,87.18,32.05,46.56
3,3,2,3,1,95.05,7.19,34.21,37.71,1.48,40.46,35.78,81.5,90.86
3,3,2,3,2,13.25,92.36,37.77,57.48,8.81,33.12,65.93,99.4,91.23
3,3,2,3,3,42.84,99.99,69.88,0.73,68.81,74.01,97.53,86.25,27.55
3,3,2,3,4,75.18,63.45,94.68,24.69,93.27,14.48,71.24,14.15,86.83
3,3,2,4,1,78.57,86.86,27.88,56.61,65.18,76.91,97.52,55.36,14.27
3,3,2,4,2,33.53,52.47,14.12,8.15,15.79,90.98,48.2,61.17,69.51
3,3,2,4,3,13.41,29.06,48.65,23.35,11.03,15.64,73.52,73.4,39.96
3,3,2,4,4,17.77,66.02,8.91,66.4,84.21,97.87,40.28,95.68,34.13
3,3,3,1,1,75.24,99.2,2.99,61.26,56.81,5.5,1.25,76.77,78.78
3,3,3,1,2,87.45,58.78,47.5,20.54,58.53,0.85,23.08,83.34,26.96
3,3,3,1,3,41.02,85.73,52.54,78.91,9.33,52.56,75.39,82.36,7.66
3,3,3,1,4,95.08,52.57,77.89,42.14,44.89,29.44,63.14,35.74,22.68
3,3,3,2,1,41.8,44.92,48.99,69.19,49.53,48.1,73.79,23.99,83.03
3,3,3,2,2,34.56,61.2,2.34,5.73,89.95,51.52,40.19,61.32,60.35
3,3,3,2,3,89.93,60.58,69.56,92.14,25.73,4.47,34.98,46.4,27.89
3,3,3,2,4,4.31,62.47,68.41,39.65,61.72,13.83,67.33,16.07,73.7
3,3,3,3,1,61.25,73.42,64.62,22.93,42.55,77.63,77.71,93.25,76.72
3,3,3,3,2,26.61,36.99,91.84,2.83,26.6,45.49,4.68,23.18,48.99
3,3,3,3,3,57.12,79.68,93.73,93.7,72.23,16.43,98.22,92.05,86.11
3,3,3,3,4,90.79,24.08,2.17,23.89,96.22,58.16,29.12,52.87,10.45
3,3,3,4,1,47.55,37.98,1.09,62.29,61.65,56.06,7.1,73.66,43.73
3,3,3,4,2,47.08,72.48,97.99,56.11,73.93,8.54,32.74,72.24,35.02
3,3,3,4,3,6.79,34.99,80.91,49.99,98.3,82.4,48.39,49.72,61.64
3,3,3,4,4,7.75,8.4,32.79,33.89,99.13,1.57,86.06,81.65,50.28
3,3,4,1,1,33.29,43.57,51.85,64.88,38.2,24.19,38.18,34.95,4.05
3,3,4,1,2,19.13,55.5,33.54,12.6,90.78,50.22,13.84,45.82,68.71
3,3,4,1,3,9.61,31.98,73.64,15.84,71.62,87.07,20.54,25.19,81.53
3,3,4,1,4,20.01,54.65,95.44,95.97,40.97,28.27,43.12,23.0,69.2
3,3,4,2,1,10.14,94.97,77.45,6.97,3.63,47.2,99.04,36.81,50.11
3,3,4,2,2,14.5,93.29,37.29,10.59,37.65,48.61,72.26,98.06,78.75
3,3,4,2,3,51.8,92.7,59.23,87.01,39.19,5.79,62.85,1.41,20.08
3,3,4,2,4,2.47,87.01,17.23,79.68,58.85,94.0,36.0,90.72,80.2
3,3,4,3,1,41.07,4.39,4.93,17.85,52.91,68.0,23.93,45.74,36.91
3,3,4,3,2,28.31,39.61,11.3,4.9,11.45,65.4,80.88,43.3,28.04
3,3,4,3,3,34.64,85.4,13.25,60.69,26.94,16.33,56.52,6.72,32.41
3,3,4,3,4,70.17,59.35,27.37,40.94,93.54,25.0,60.05,55.08,98.85
3,3,4,4,1,65.03,8.25,6.18,52.41,24.36,63.85,16.74,67.3,88.75
3,3,4,4,2,97.07,73.87,0.66,38.83,47.36,46.3,75.21,34.04,42.04
3,3,4,4,3,47.56,52.15,46.46,71.11,10.68,51.89,78.64,57.26,71.06
3,3,4,4,4,39.1,19.06,5.97,78.86,69.36,90.31,95.96,25.47,76.56
3,4,1,1,1,33.45,15.66,38.44,15.9,88.79,78.66,34.0,21.24,77.37
3,4,1,1,2,17.9,36.01,56.81,26.93,12.49,26.71,86.51,32.8,27.69
3,4,1,1,3,2.76,30.17,84.05,44.82,38.55,64.13,48.04,90.45,80.44
3,4,1,1,4,14.16,16.11,30.26,67.2,20.48,91.9,44.8,91.45,50.15
3,4,1,2,1,73.44,19.71,88.48,95.85,58.33,64.48,8.56,97.99,55.14
3,4,1,2,2,22.28,76.25,8.88,25.57,42.67,38.79,47.91,69.63,30.91
3,4,1,2,3,86.31,64.74,68.05,98.64,21.66,5.68,8.86,92.85,60.87
3,4,1,2,4,12.09,41.02,14.84,80.54,93.97,92.72,15.71,92.24,79.96
3,4,1,3,1,28.91,94.44,60.16,75.82,81.81,15.69,75.94,33.13,17.44
3,4,1,3,2,64.64,74.74,2.91,56.26,56.23,54.4,75.49,90.17,33.91
3,4,1,3,3,1.97,10.16,50.41,30.89,29.68,72.87,79.66,8.11,49.17
3,4,1,3,4,77.47,13.87,51.89,81.38,27.99,1.72,0.76,86.95,37.21
3,4,1,4,1,79.7,42.59,9.51,68.19,83.03,44.57,55.23,32.68,99.56
3,4,1,4,2,82.68,94.23,1.47,69.17,36.04,34.63,27.34,57.41,24.96
3,4,1,4,3,62.75,50.98,76.47,60.58,70.82,48.85,21.84,17.17,12.6
3,4,1,4,4,50.06,17.09,90.04,63.56,84.47,72.36,20.57,89.4,83.16
3,4,2,1,1,42.39,26.59,77.07,82.71,26.82,11.63,59.77,42.88,12.0
3,4,2,1,2,12.72,15.86,41.9,74.84,93.53,32.11,24.43,62.25,99.19
3,4,2,1,3,80.2,63.19,35.57,68.44,12.08,49.34,13.0,51.13,94.17
3,4,2,1,4,8.24,0.99,17.59,7.68,25.5,95.94,71.96,38.55,60.97
3,4,2,2,1,92.33,94.37,57.36,78.31,81.94,95.29,53.01,17.99,50.72
3,4,2,2,2,58.74,66.86,39.92,25.73,64.35,34.97,4.69,85.02,15.59
3,4,2,2,3,17.76,83.36,4.49,52.65,41.31,11.89,90.85,92.01,21.26
3,4,2,2,4,36.07,69.94,20.74,78.12,11.55,20.77,90.49,60.01,98.57
3,4,2,3,1,94.1,28.01,74.3,20.95,3.65,34.75,66.16,61.08,83.82
3,4,2,3,2,48.3,62.21,25.96,25.71,23.91,22.17,85.39,46.77,3.58
3,4,2,3,3,10.15,27.91,93.73,77.09,16.33,74.11,36.88,80.22,52.92
3,4,2,3,4,7.29,43.51,21.25,18.11,74.58,12.87,60.19,86.1,93.43
3,4,2,4,1,47.89,51.95,23.28,86.43,92.39,35.37,73.15,78.06,17.4
3,4,2,4,2,96.44,17.3,50.31,9.86,21.52,37.86,6.67,46.3,27.01
3,4,2,4,3,11.45,44.0,48.53,37.9,17.66,48.85,22.89,98.12,59.74
3,4,2,4,4,18.16,70.62,27.91,47.89,59.31,16.32,15.35,42.32,80.44
3,4,3,1,1,17.85,11.41,33.27,93.59,45.48,30.34,7.17,77.82,4.41
3,4,3,1,2,78.85,76.37,34.88,28.84,94.28,63.76,38.09,46.07,59.67
3,4,3,1,3,55.49,64.94,50.78,28.85,89.12,85.53,96.68,32.62,1.2
3,4,3,1,4,54.21,4.03,4.26,39.25,22.52,79.02,43.41,99.66,18.3
3,4,3,2,1,37.16,82.47,41.01,92.82,87.47,26.97,47.02,75.07,28.16
3,4,3,2,2,2.38,10.75,39.45,16.88,85.38,8.8,7.62,89.72,44.72
3,4,3,2,3,87.1,97.02,38.11,67.39,20.45,68.5,42.53,22.29,14.66
3,4,3,2,4,91.02,99.52,1.37,3.22,30.76,48.23,38.4,12.91,1.33
3,4,3,3,1,58.42,15.29,5.86,67.2,50.5,2.31,85.31,57.52,22.38
3,4,3,3,2,79.74,71.67,71.84,16.44,73.94,71.35,37.37,3.46,33.31
3,4,3,3,3,52.99,40.06,83.59,15.1,36.01,94.21,57.64,65.94,25.56
3,4,3,3,4,46.73,25.57,41.0,27.02,45.07,39.0,30.32,93.48,65.24
3,4,3,4,1,61.88,83.58,5.58,97.83,81.61,9.31,47.34,11.13,84.32
3,4,3,4,2,15.54,14.0,69.07,78.44,49.63,87.68,13.17,83.63,24.32
3,4,3,4,3,39.46,76.56,94.42,52.83,54.87,50.82,92.4,40.49,36.36
3,4,3,4,4,32.74,35.06,37.04,27.79,19.81,3.06,7.21,26.61,62.64
3,4,4,1,1,33.35,79.38,57.46,35.5,53.87,60.82,6.57,1.19,23.63
3,4,4,1,2,81.95,62.3,4.2,89.91,65.8,38.34,48.29,74.46,80.41
3,4,4,1,3,28.96,20.75,97.98,9.43,15.24,44.52,83.98,67.68,54.86
3,4,4,1,4,8.42,52.63,16.05,10.31,74.02,18.3,73.68,37.09,95.48
3,4,4,2,1,92.78,2.37,35.38,15.6,60.38,61.8,57.92,95.97,14.67
3,4,4,2,2,81.11,70.69,88.58,63.99,23.14,8.08,73.63,96.97,46.7
3,4,4,2,3,25.38,75.77,11.4,41.58,51.39,15.72,49.69,94.78,34.7
3,4,4,2,4,11.4,9.36,70.66,24.12,70.11,24.96,2.39,87.22,12.88
3,4,4,3,1,36.61,72.16,84.09,82.82,41.98,8.78,35.24,65.93,32.59
3,4,4,3,2,18.07,96.7,29.72,35.96,54.28,36.37,96.06,57.92,85.48
3,4,4,3,3,79.27,27.18,4.5,70.4,92.7,19.98,59.33,87.14,21.28
3,4,4,3,4,4.53,85.06,89.64,99.14,0.61,80.69,94.47,96.24,20.92
3,4,4,4,1,7.76,16.79,80.03,7.71,90.95,71.71,86.19,27.56,21.26
3,4,4,4,2,91.76,68.9,26.0,85.17,71.0,52.74,10.36,5.77,40.68
3,4,4,4,3,41.73,95.13,60.36,15.1,22.18,23.58,15.25,22.82,92.72
3,4,4,4,4,96.2,85.7,11.66,89.94,75.29,66.09,10.52,66.75,0.08
4,1,1,1,1,52.52,97.2,56.6,31.74,36.11,26.0,44.22,58.77,44.93
4,1,1,1,2,93.92,37.78,92.25,97.35,90.26,64.89,62.78,82.32,41.24
4,1,1,1,3,6.77,21.69,53.31,90.1,51.22,18.17,54.54,50.24,35.08
4,1,1,1,4,3.55,96.94,35.02,31.32,16.14,8.97,67.0,13.68,43.78
4,1,1,2,1,13.86,30.04,18.17,73.42,65.29,0.11,41.46,56.01,96.75
4,1,1,2,2,87.46,25.41,39.19,16.39,36.02,66.56,98.79,53.01,93.5
4,1,1,2,3,52.57,0.23,96.32,82.55,67.9,74.7,55.99,95.65,35.72
4,1,1,2,4,0.88,71.47,51.52,9.83,68.03,70.7,2.92,56.35,86.02
4,1,1,3,1,48.74,55.36,67.01,38.53,64.96,18.47,16.92,91.88,17.85
4,1,1,3,2,34.34,24.92,69.52,27.09,88.34,69.3,32.27,18.14,10.8
4,1,1,3,3,48.93,30.22,54.3,16.49,21.33,51.96,23.05,63.02,2.61
4,1,1,3,4,55.73,15.58,64.69,22.09,89.19,39.66,33.82,13.72,70.68
4,1,1,4,1,65.99,33.71,38.29,77.11,23.02,74.34,77.81,69.17,61.79
4,1,1,4,2,49.82,67.96,50.22,63.74,48.72,10.95,84.89,85.23,59.91
4,1,1,4,3,0.34,35.89,63.11,46.96,78.84,71.77,54.2,50.83,39.95
4,1,1,4,4,84.58,23.04,49.92,98.85,41.77,16.03,34.14,4.74,75.36
4,1,2,1,1,1.62,84.78,31.93,52.46,71.45,41.26,72.28,78.63,87.54
4,1,2,1,2,80.68,49.37,66.39,47.81,30.85,99.32,8.66,30.69,19.35
4,1,2,1,3,22.14,62.06,51.75,7.4,22.36,85.77,94.06,28.22,31.08
4,1,2,1,4,54.62,39.99,7.62,70.07,48.21,81.78,0.94,49.47,23.26
4,1,2,2,1,93.92,0.0,91.49,71.11,43.3,72.93,47.47,84.52,45.18
4,1,2,2,2,34.01,4.76,17.79,59.24,77.04,57.56,27.69,17.74,67.4
4,1,2,2,3,10.55,26.91,72.56,15.69,96.04,57.72,11.35,27.65,0.85
4,1,2,2,4,66.57,3.27,50.3,27.29,95.09,1.89,36.82,5.1,45.16
4,1,2,3,1,7.21,72.83,74.56,50.62,11.5,86.4,19.32,88.35,2.99
4,1,2,3,2,55.51,73.69,50.4,99.81,64.95,89.84,29.95,93.01,1.71
4,1,2,3,3,7.92,48.48,67.17,19.41,0.95,92.77,69.15,72.81,16.7
4,1,2,3,4,50.39,99.43,84.29,97.49,79.48,0.36,1.65,67.7,84.37
4,1,2,4,1,9.94,12.51,51.13,12.0,68.39,68.3,51.24,23.43,70.46
4,1,2,4,2,72.78,28.35,17.12,86.67,0.44,73.95,86.51,50.4,66.49
4,1,2,4,3,51.53,33.42,18.01,80.61,45.0,27.41,10.85,40.85,79.76
4,1,2,4,4,39.41,70.46,8.49,36.77,8.45,97.44,76.98,84.37,67.61
4,1,3,1,1,64.68,45.35,49.19,38.99,94.91,16.93,15.45,88.51,69.07
4,1,3,1,2,63.34,60.7,56.57,32.81,15.4,38.73,51.95,2.39,42.21
4,1,3,1,3,5.8,36.5,74.46,21.96,11.09,28.97,88.96,92.21,1.45
4,1,3,1,4,85.34,14.69,52.42,55.88,63.43,3.42,20.95,64.04,25.01
4,1,3,2,1,53.84,67.5,94.39,26.65,46.47,74.84,97.91,22.14,34.25
4,1,3,2,2,3.36,67.39,55.43,93.63,88.45,11.16,68.49,79.35,43.08
4,1,3,2,3,61.43,96.12,42.11,97.54,26.85,57.47,59.13,55.46,90.74
4,1,3,2,4,19.2,30.35,74.82,91.39,18.09,80.07,24.34,99.88,55.43
4,1,3,3,1,39.47,50.78,39.69,80.51,29.47,32.39,63.48,94.67,40.6
4,1,3,3,2,17.71,81.32,90.85,49.96,1.58,30.64,86.81,15.76,87.2
4,1,3,3,3,79.12,30.58,9.72,29.01,18.33,13.11,83.55,4.75,52.46
4,1,3,3,4,34.74,94.53,98.54,60.4,96.31,22.59,28.87,98.0,18.67
4,1,3,4,1,50.96,84.63,73.75,29.71,34.5,68.98,11.63,93.53,11.0
4,1,3,4,2,71.54,25.76,15.62,24.82,21.26,8.38,38.24,82.38,14.78
4,1,3,4,3,49.13,42.39,40.97,48.44,28.95,91.28,93.46,61.32,55.98
4,1,3,4,4,92.06,34.32,3.34,46.87,39.27,61.84,72.22,92.48,25.77
4,1,4,1,1,72.76,12.7,9.55,88.77,94.52,26.3,83.95,80.07,51.75
4,1,4,1,2,93.75,60.04,4.89,53.71,10.83,97.06,16.96,14.36,31.23
4,1,4,1,3,98.0,9.05,70.63,50.94,26.56,7.35,37.97,74.6,52.79
4,1,4,1,4,99.99,44.83,38.13,47.46,63.81,47.16,16.29,9.85,81.97
4,1,4,2,1,93.2,15.46,40.02,38.96,11.75,94.8,44.95,43.3,87.12
4,1,4,2,2,40.98,23.72,23.04,44.45,54.43,79.63,20.27,55.55,15.4
4,1,4,2,3,96.92,97.34,30.6,47.83,83.9,67.28,45.46,43.01,46.93
4,1,4,2,4,9.11,7.1,57.78,42.48,84.32,22.94,39.57,49.86,72.87
4,1,4,3,1,39.53,8.79,41.35,68.63,21.5,45.26,43.93,74.56,95.48
4,1,4,3,2,32.46,17.98,11.76,99.04,66.23,55.64,16.96,61.26,72.49
4,1,4,3,3,84.33,4.42,48.76,8.01,84.92,62.42,8.18,40.58,77.99
4,1,4,3,4,61.57,30.3,24.84,27.81,46.94,39.23,63.65,14.7,69.01
4,1,4,4,1,99.65,16.46,29.14,45.4,64.37,35.23,40.47,2.6,36.32
4,1,4,4,2,34.52,62.36,8.27,12.06,6.64,58.91,67.37,65.09,6.43
4,1,4,4,3,23.57,68.45,81.48,50.79,96.72,79.34,80.9,12.37,24.07
4,1,4,4,4,13.91,2.81,89.2,49.18,47.42,53.39,31.91,80.0,5.97
4,2,1,1,1,46.02,37.67,2.8,30.11,36.45,80.44,44.65,36.02,90.66
4,2,1,1,2,71.69,83.85,97.93,94.23,82.21,52.74,10.25,5.48,58.91
4,2,1,1,3,59.38,73.9,21.76,17.92,85.68,4.74,43.88,68.93,89.85
4,2,1,1,4,59.85,77.39,77.56,26.97,65.63,82.63,27.06,21.03,46.42
4,2,1,2,1,99.9,11.44,73.04,92.93,49.68,6.0,16.39,47.57,37.22
4,2,1,2,2,34.95,19.43,82.07,16.34,22.85,53.51,63.43,43.62,59.09
4,2,1,2,3,36.33,10.49,86.21,4.14,70.04,96.91,27.47,79.37,46.07
4,2,1,2,4,40.5,24.66,37.06,30.69,53.53,86.95,57.34,49.6,96.92
4,2,1,3,1,30.71,84.29,51.79,53.85,48.41,42.69,2.81,57.1,4.1
4,2,1,3,2,87.28,52.69,96.11,71.5,11.45,69.27,5.46,52.49,79.2
4,2,1,3,3,85.14,99.15,21.64,52.06,51.37,71.16,92.52,11.98,64.17
4,2,1,3,4,13.38,8.15,70.46,8.65,7.3,46.59,21.0,15.95,83.14
4,2,1,4,1,26.06,41.69,67.61,30.97,79.11,44.45,44.99,90.41,54.63
4,2,1,4,2,66.78,16.75,28.52,32.84,84.56,67.41,45.39,55.47,96.74
4,2,1,4,3,20.1,41.36,97.87,71.37,43.52,94.49,25.87,96.28,74.2
4,2,1,4,4,43.71,98.87,73.15,59.58,1.03,46.36,89.23,10.73,90.0
4,2,2,1,1,78.1,12.47,90.7,35.72,55.04,47.9,13.48,68.68,76.49
4,2,2,1,2,11.76,28.88,6.9,9.59,9.21,35.2,88.9,34.79,16.86
4,2,2,1,3,25.18,64.84,75.05,17.27,55.6,12.48,85.93,36.09,34.68
4,2,2,1,4,12.25,20.17,38.34,44.63,28.33,46.38,97.24,74.54,94.95
4,2,2,2,1,89.36,53.07,0.11,79.42,18.57,79.81,78.3,10.44,45.4
4,2,2,2,2,9.8,59.2,12.75,8.58,26.96,80.37,79.74,46.86,97.65
4,2,2,2,3,79.09,71.33,78.52,96.64,81.86,90.88,97.54,89.18,65.71
4,2,2,2,4,96.35,75.98,80.18,0.06,91.13,80.79,90.19,12.75,68.92
4,2,2,3,1,54.55,85.51,63.9,90.81,30.64,94.64,42.26,28.97,16.11
4,2,2,3,2,69.16,85.96,35.61,88.74,74.37,88.16,91.77,83.46,75.24
4,2,2,3,3,22.2,96.34,44.89,84.99,23.12,69.97,46.61,69.98,91.73
4,2,2,3,4,23.92,96.43,38.55,67.32,8.96,39.29,84.49,95.54,85.66
4,2,2,4,1,44.71,14.56,36.16,64.35,78.46,2.64,48.14,64.96,18.58
4,2,2,4,2,7.9,26.28,73.13,54.03,95.93,14.2,72.08,80.75,14.0
4,2,2,4,3,78.08,97.86,61.91,54.86,15.64,13.89,19.29,49.32,91.1
4,2,2,4,4,41.41,74.76,25.89,49.08,7.63,18.07,17.53,72.47,0.85
4,2,3,1,1,66.18,73.92,25.01,82.6,92.1,53.14,95.5,35.83,76.52
4,2,3,1,2,35.9,37.81,60.5,15.99,61.88,62.57,76.28,78.74,34.82
4,2,3,1,3,60.12,14.1,2.42,82.92,96.56,60.06,76.4,93.01,65.96
4,2,3,1,4,91.65,46.35,52.41,32.86,53.29,59.67,84.67,99.73,49.05
4,2,3,2,1,66.49,83.26,51.36,8.99,40.8,55.36,46.69,68.22,10.77
4,2,3,2,2,81.61,26.92,55.59,1.31,64.24,37.96,40.2,98.69,10.61
4,2,3,2,3,53.71,85.11,16.23,58.58,64.83,78.97,15.37,49.73,39.93
4,2,3,2,4,8.15,88.71,61.93,46.92,47.95,62.56,52.22,89.32,79.37
4,2,3,3,1,85.25,55.26,16.07,11.44,73.89,91.87,93.71,92.64,43.15
4,2,3,3,2,43.19,57.35,25.82,89.96,76.42,73.44,95.76,31.1,17.4
4,2,3,3,3,63.49,14.7,36.57,10.61,90.96,42.09,99.36,30.54,67.86
4,2,3,3,4,54.08,92.62,54.85,17.3,19.27,29.6,5.36,91.94,53.35
4,2,3,4,1,17.99,75.89,80.19,53.99,83.24,37.17,84.45,43.67,92.67
4,2,3,4,2,68.53,34.43,59.68,95.16,87.94,36.01,23.74,30.07,84.83
4,2,3,4,3,17.11,10.0,58.97,23.66,44.57,72.02,63.19,96.67,86.24
4,2,3,4,4,0.15,61.75,1.43,4.85,29.06,81.24,7.15,85.05,11.57
4,2,4,1,1,80.7,81.3,1.29,78.53,15.76,38.53,87.39,86.48,61.9
4,2,4,1,2,50.67,29.62,15.64,37.32,4.03,26.33,25.86,69.87,60.0
4,2,4,1,3,5.25,2.98,18.22,35.09,71.2,61.43,32.05,66.81,10.53
4,2,4,1,4,11.03,33.11,98.75,22.6,49.47,6.87,18.9,28.7,86.21
4,2,4,2,1,27.86,48.62,24.08,66.62,92.01,58.77,92.1,51.98,96.36
4,2,4,2,2,35.19,49.96,86.51,83.77,44.42,12.24,58.0,23.97,11.6
4,2,4,2,3,81.94,63.6,45.56,71.74,24.74,19.25,14.25,0.55,45.56
4,2,4,2,4,36.13,87.47,71.23,8.83,62.58,49.4,56.28,57.27,28.97
4,2,4,3,1,83.9,9.46,65.88,68.72,85.22,26.19,8.97,33.57,96.28
4,2,4,3,2,67.55,60.73,11.27,49.43,66.17,71.07,34.78,89.89,68.44
4,2,4,3,3,53.58,58.55,38.38,55.05,7.27,18.77,80.63,9.25,97.39
4,2,4,3,4,68.01,6.2,5.41,87.04,95.16,98.39,43.47,6.39,16.19
4,2,4,4,1,26.27,10.18,32.06,88.98,9.05,54.4,22.92,23.69,6.6
4,2,4,4,2,40.65,71.38,80.88,34.09,6.19,34.43,46.13,42.98,12.58
4,2,4,4,3,13.34,9.54,67.42,93.88,13.1,89.07,46.91,78.5,44.47
4,2,4,4,4,95.69,71.1,9.33,55.92,93.45,9.17,38.36,58.44,27.58
4,3,1,1,1,80.17,92.98,44.71,91.22,85.73,4.09,98.49,13.28,97.5
4,3,1,1,2,28.07,7.8,41.03,12.93,65.61,99.99,20.37,40.07,68.65
4,3,1,1,3,36.89,85.87,5.52,66.89,37.23,84.47,87.55,86.39,69.67
4,3,1,1,4,0.55,55.63,1.31,86.24,19.7,40.48,34.39,52.7,95.14
4,3,1,2,1,33.06,33.87,99.34,84.51,96.65,43.75,4.0,6.17,38.74
4,3,1,2,2,56.05,68.2,67.28,82.65,93.32,91.39,75.23,25.18,39.21
4,3,1,2,3,11.97,60.51,23.83,29.99,93.54,85.57,87.27,75.27,23.95
4,3,1,2,4,59.71,44.23,60.45,99.19,99.44,12.94,63.67,7.05,94.61
4,3,1,3,1,34.15,86.9,2.85,14.38,28.32,75.17,16.73,82.93,49.89
4,3,1,3,2,57.51,19.9,49.43,88.43,45.87,96.26,40.62,65.72,76.27
4,3,1,3,3,41.6,34.81,78.01,76.36,0.03,28.98,17.21,32.24,38.59
4,3,1,3,4,94.97,31.6,51.13,49.35,73.41,3.03,83.63,6.91,62.62
4,3,1,4,1,59.38,17.16,21.03,25.57,2.49,47.0,8.24,27.62,55.44
4,3,1,4,2,34.13,89.97,68.45,25.85,11.88,15.84,4.42,19.0,28.91
4,3,1,4,3,3.43,83.27,99.49,54.37,59.89,45.97,47.95,5.19,98.25
4,3,1,4,4,19.24,33.26,39.96,71.04,59.17,93.2,79.23,57.65,46.55
4,3,2,1,1,21.97,80.44,71.25,66.36,10.68,51.21,73.65,12.54,85.73
4,3,2,1,2,91.79,34.77,65.05,49.95,52.61,69.56,26.8,70.51,79.57
4,3,2,1,3,28.42,82.32,2.65,36.78,73.85,16.13,24.9,0.19,92.18
4,3,2,1,4,88.77,80.49,8.52,36.08,40.18,92.75,0.1,38.33,58.28
4,3,2,2,1,74.63,11.23,14.06,15.61,8.23,90.4,6.53,82.44,48.92
4,3,2,2,2,43.8,27.37,3.13,2.13,84.46,10.92,4.87,24.7,6.89
4,3,2,2,3,87.45,53.55,2.59,29.07,75.19,88.79,14.12,2.13,36.67
4,3,2,2,4,63.65,55.17,51.29,0.5,34.0,1.49,0.93,93.26,6.85
4,3,2,3,1,9.71,90.07,36.04,66.71,98.2,61.94,64.23,44.69,16.16
4,3,2,3,2,84.64,33.41,42.59,85.18,38.45,56.74,41.42,22.94,48.46
4,3,2,3,3,62.12,34.44,27.82,49.47,74.75,0.38,82.55,7.49,65.82
4,3,2,3,4,23.23,51.98,9.78,90.51,64.1,35.41,46.51,55.05,78.98
4,3,2,4,1,4.78,88.49,86.04,90.83,31.28,36.19,75.28,83.92,16.16
4,3,2,4,2,90.02,23.98,7.09,6.33,39.61,76.16,39.67,9.83,98.3
4,3,2,4,3,77.92,41.67,72.43,91.34,86.7,72.9,52.78,86.38,31.84
4,3,2,4,4,65.22,81.17,33.41,45.86,60.91,79.59,45.45,26.6,1.43
4,3,3,1,1,12.49,71.36,9.12,54.29,64.31,12.61,70.97,15.85,51.59
4,3,3,1,2,3.19,65.41,9.16,6.62,37.85,42.46,30.27,19.22,0.88
4,3,3,1,3,54.15,70.26,38.07,71.98,64.03,6.66,37.57,0.52,6.4
4,3,3,1,4,12.82,0.29,33.41,90.17,51.89,4.84,69.53,0.14,88.69
4,3,3,2,1,35.17,62.98,35.27,67.59,5.75,93.93,58.0,57.76,36.85
4,3,3,2,2,51.05,23.92,60.54,13.33,92.64,14.53,45.14,90.14,60.64
4,3,3,2,3,97.03,93.37,82.55,29.23,13.38,5.97,1.7,54.03,46.06
4,3,3,2,4,62.85,78.88,68.27,88.8,76.71,91.08,0.54,73.86,71.94
4,3,3,3,1,60.24,75.73,37.97,94.6,93.34,91.22,46.86,32.25,77.17
4,3,3,3,2,93.5,15.75,34.13,72.42,64.12,87.08,83.4,9.39,8.17
4,3,3,3,3,79.62,7.93,11.7,39.63,92.24,6.73,60.69,66.68,99.1
4,3,3,3,4,47.39,12.38,81.03,54.85,5.98,57.85,53.62,61.1,74.1
4,3,3,4,1,59.09,81.38,14.95,25.44,12.18,11.9,60.73,29.32,63.14
4,3,3,4,2,51.88,61.44,87.58,18.7,93.86,83.09,45.76,17.68,86.02
4,3,3,4,3,25.43,82.21,15.2,30.98,45.39,95.32,65.14,45.65,35.9
4,3,3,4,4,20.42,11.59,14.33,27.43,23.05,67.26,49.05,4.45,13.37
4,3,4,1,1,70.73,16.61,85.8,99.53,37.66,46.03,30.42,94.74,52.41
4,3,4,1,2,59.27,27.01,48.6,87.79,13.6,46.52,47.58,21.59,16.31
4,3,4,1,3,66.08,43.17,71.86,93.86,16.72,91.29,5.6,73.73,16.04
4,3,4,1,4,80.93,32.32,2.06,30.93,66.91,40.55,5.73,49.06,59.57
4,3,4,2,1,57.65,87.71,50.7,98.65,22.57,79.08,0.29,60.85,10.13
4,3,4,2,2,57.12,98.85,20.91,77.7,55.66,86.73,64.75,57.68,16.46
4,3,4,2,3,75.04,75.2,54.81,5.39,25.77,3.88,4.04,64.53,95.17
4,3,4,2,4,65.14,66.56,53.34,91.32,66.29,67.67,10.81,37.1,25.16
4,3,4,3,1,80.41,78.8,19.23,58.23,7.89,37.47,34.45,73.21,96.61
4,3,4,3,2,47.77,66.0,29.92,90.83,75.93,58.08,88.13,41.73,49.48
4,3,4,3,3,45.12,66.98,95.98,35.48,65.16,58.14,80.57,12.23,11.07
4,3,4,3,4,77.45,99.81,53.11,15.86,28.46,14.96,44.51,87.54,27.61
4,3,4,4,1,38.23,37.43,61.57,35.62,33.77,42.35,10.49,97.51,90.09
4,3,4,4,2,20.59,96.83,32.7,69.14,16.36,11.71,98.68,22.96,48.01
4,3,4,4,3,81.91,87.69,25.2,5.17,16.55,83.14,51.08,94.44,43.87
4,3,4,4,4,7.32,36.68,11.4,80.29,11.42,31.9,34.2,53.89,75.23
4,4,1,1,1,63.09,0.86,23.25,97.91,89.2,35.3,69.7,80.8,71.94
4,4,1,1,2,2.51,68.2,82.29,60.09,24.67,89.71,84.46,26.02,84.6
4,4,1,1,3,18.84,23.04,4.6,63.5,27.57,11.05,54.63,60.56,74.21
4,4,1,1,4,32.2,28.0,74.32,98.19,50.32,46.75,44.13,88.43,77.46
4,4,1,2,1,82.92,16.72,85.55,61.48,21.09,49.08,34.99,31.02,98.58
4,4,1,2,2,52.91,54.68,15.26,27.15,0.27,99.43,81.45,29.62,83.96
4,4,1,2,3,72.29,96.57,32.68,69.23,88.21,24.13,51.31,27.17,2.47
4,4,1,2,4,84.94,39.59,62.45,82.94,20.92,72.84,81.07,13.89,42.94
4,4,1,3,1,59.43,41.92,14.66,88.52,29.84,87.21,69.88,75.11,90.0
4,4,1,3,2,3.58,26.47,45.93,53.39,35.18,50.39,87.32,80.56,89.25
4,4,1,3,3,42.66,40.7,69.33,45.05,53.4,6.13,5.11,60.33,78.43
4,4,1,3,4,49.2,6.16,93.32,65.02,50.02,48.76,41.2,71.59,51.62
4,4,1,4,1,20.48,77.08,35.18,79.86,31.95,22.45,10.19,32.91,64.38
4,4,1,4,2,89.82,81.29,39.0,66.15,84.65,90.01,25.18,78.47,75.44
4,4,1,4,3,6.68,2.69,14.63,12.2,92.3,63.67,69.5,61.08,11.18
4,4,1,4,4,71.03,7.35,46.55,33.55,62.22,55.83,48.59,17.97,11.24
4,4,2,1,1,92.54,77.05,15.55,85.08,92.49,62.8,70.83,19.88,95.53
4,4,2,1,2,44.59,38.33,52.12,81.47,12.1,62.12,96.38,40.4,92.46
4,4,2,1,3,52.81,8.12,7.71,56.28,87.03,53.71,60.82,6.47,45.25
4,4,2,1,4,89.87,30.72,33.37,28.21,72.95,29.63,1.79,0.69,41.79
4,4,2,2,1,89.84,58.58,57.6,58.39,6.31,52.19,94.54,63.86,34.44
4,4,2,2,2,38.75,70.14,20.62,21.76,36.78,8.67,38.22,8.97,41.57
4,4,2,2,3,20.55,47.01,11.27,48.33,71.02,81.42,27.16,81.86,14.61
4,4,2,2,4,7.39,89.16,78.15,89.73,56.08,77.83,18.42,93.69,18.27
4,4,2,3,1,25.1,40.99,44.11,98.34,89.74,58.68,77.87,52.72,21.69
4,4,2,3,2,24.56,23.44,53.97,56.67,93.11,6.41,50.43,83.41,14.4
4,4,2,3,3,57.49,82.01,32.26,93.82,60.59,5.59,3.86,52.65,58.36
4,4,2,3,4,1.18,31.8,73.07,18.02,63.52,43.0,76.74,47.29,49.34
4,4,2,4,1,94.08,88.14,34.53,74.91,61.04,70.86,15.52,90.55,77.49
4,4,2,4,2,26.45,0.94,7.57,65.81,49.96,16.29,83.45,86.93,91.36
4,4,2,4,3,25.56,34.48,39.53,66.4,44.27,49.3,57.77,69.21,89.82
4,4,2,4,4,63.6,68.87,42.82,53.07,94.63,91.16,85.86,23.25,51.69
4,4,3,1,1,74.46,88.97,68.66,9.26,17.69,33.31,75.32,19.75,41.64
4,4,3,1,2,74.1,58.49,23.46,23.7,65.15,70.57,79.56,56.29,2.07
4,4,3,1,3,37.0,2.92,92.41,98.22,12.46,76.78,96.03,2.59,16.45
4,4,3,1,4,33.12,91.25,85.43,81.75,31.46,89.8,18.92,27.85,51.19
4,4,3,2,1,51.42,43.32,68.23,23.11,28.28,33.28,84.15,6.23,27.93
4,4,3,2,2,0.6,94.21,90.61,44.39,63.93,38.31,63.67,16.13,95.78
4,4,3,2,3,32.4,97.11,24.6,26.19,90.84,15.77,89.16,69.77,16.37
4,4,3,2,4,76.27,91.45,58.28,94.18,83.85,57.37,35.38,6.2,59.12
4,4,3,3,1,91.63,24.58,21.26,9.49,85.01,3.39,73.34,2.81,79.49
4,4,3,3,2,72.08,27.46,15.51,31.7,83.43,72.51,34.27,86.78,19.75
4,4,3,3,3,29.63,76.15,68.41,74.64,88.2,18.75,44.91,58.46,73.71
4,4,3,3,4,83.38,51.28,58.42,31.02,48.73,0.33,82.19,52.38,78.26
4,4,3,4,1,41.65,31.42,19.49,4.46,16.02,97.32,43.91,62.47,91.09
4,4,3,4,2,91.52,55.13,80.52,29.21,61.57,2.65,82.07,37.43,42.36
4,4,3,4,3,58.79,73.21,16.44,90.12,58.51,0.85,19.65,11.63,5.78
4,4,3,4,4,81.82,1.31,21.78,68.09,38.1,72.96,75.37,89.85,24.55
4,4,4,1,1,29.1,61.63,90.89,67.93,36.53,97.43,7.54,55.56,26.85
4,4,4,1,2,34.11,89.32,28.31,72.08,65.89,98.01,13.66,43.51,14.68
4,4,4,1,3,89.44,53.62,75.71,70.5,3.9,73.81,82.64,21.34,3.45
4,4,4,1,4,41.07,82.02,33.71,24.88,45.96,44.44,54.64,53.13,64.56
4,4,4,2,1,6.15,78.32,48.8,71.5,95.72,82.39,29.13,26.89,74.0
4,4,4,2,2,82.43,31.04,27.89,63.85,46.77,93.49,45.77,94.08,49.68
4,4,4,2,3,75.28,93.98,27.82,28.95,32.01,8.2,30.65,10.7,10.16
4,4,4,2,4,51.08,20.23,83.25,95.76,4.53,36.67,57.15,62.46,90.54
4,4,4,3,1,76.72,41.78,25.52,30.31,29.39,24.08,60.75,66.13,35.6
4,4,4,3,2,59.96,34.25,46.0,43.94,27.23,2.95,83.27,78.04,19.18
4,4,4,3,3,83.99,37.15,87.38,16.33,31.51,87.12,17.9,41.45,16.04
4,4,4,3,4,33.29,27.37,45.08,95.79,32.39,8.15,85.22,12.93,68.51
4,4,4,4,1,59.67,20.06,62.98,57.9,99.84,83.62,89.39,86.88,71.68
4,4,4,4,2,70.66,29.39,68.29,57.56,71.26,50.73,18.58,7.28,98.62
4,4,4,4,3,40.14,96.79,54.36,8.82,59.64,77.19,76.62,63.45,77.95
4,4,4,4,4,28.09,6.99,89.34,98.84,5.96,77.83,91.29,77.56,69.32
